"SSN","Site","Cluster","Plot","Depth","Longitude","Latitude","KG_p_code","KG_f_code","KG_p_name","KG_f_name","KG_p_group","KG_f_group"
"icr005971","Chinyanghuku",3,4,"Topsoil",36.09030914,-6.887218,"BSh","BSh","Arid, steppe, hot","Arid, steppe, hot","Arid","Arid"
"icr005972","Chinyanghuku",3,4,"Subsoil",36.09030914,-6.887218,"BSh","BSh","Arid, steppe, hot","Arid, steppe, hot","Arid","Arid"
"icr005990","Chinyanghuku",4,8,"Topsoil",36.10004807,-6.86531687,"BSh","BSh","Arid, steppe, hot","Arid, steppe, hot","Arid","Arid"
"icr005991","Chinyanghuku",4,8,"Subsoil",36.10004807,-6.86531687,"BSh","BSh","Arid, steppe, hot","Arid, steppe, hot","Arid","Arid"
"icr006115","Chinyanghuku",11,8,"Topsoil",36.1339,-6.89424,"BSh","BSh","Arid, steppe, hot","Arid, steppe, hot","Arid","Arid"
"icr006116","Chinyanghuku",11,8,"Subsoil",36.1339,-6.89424,"BSh","BSh","Arid, steppe, hot","Arid, steppe, hot","Arid","Arid"
"icr006130","Chinyanghuku",12,8,"Topsoil",36.14284897,-6.85878706,"BSh","BSh","Arid, steppe, hot","Arid, steppe, hot","Arid","Arid"
"icr006131","Chinyanghuku",12,8,"Subsoil",36.14284897,-6.85878706,"BSh","BSh","Arid, steppe, hot","Arid, steppe, hot","Arid","Arid"
"icr006454","Pandambili",1,1,"Topsoil",36.44020081,-6.12600994,"BSh","BSh","Arid, steppe, hot","Arid, steppe, hot","Arid","Arid"
"icr006455","Pandambili",1,1,"Subsoil",36.44020081,-6.12600994,"BSh","BSh","Arid, steppe, hot","Arid, steppe, hot","Arid","Arid"
"icr006492","Pandambili",3,1,"Topsoil",36.4405,-6.06394,"Aw","BSh","Tropical, savannah","Arid, steppe, hot","Tropical (seasonal)","Arid"
"icr006493","Pandambili",3,1,"Subsoil",36.4405,-6.06394,"Aw","BSh","Tropical, savannah","Arid, steppe, hot","Tropical (seasonal)","Arid"
"icr006530","Pandambili",5,1,"Topsoil",36.4577,-6.11749,"BSh","BSh","Arid, steppe, hot","Arid, steppe, hot","Arid","Arid"
"icr006531","Pandambili",5,1,"Subsoil",36.4577,-6.11749,"BSh","BSh","Arid, steppe, hot","Arid, steppe, hot","Arid","Arid"
"icr006570","Pandambili",7,2,"Topsoil",36.46458817,-6.06997013,"BSh","BSh","Arid, steppe, hot","Arid, steppe, hot","Arid","Arid"
"icr006571","Pandambili",7,2,"Subsoil",36.46458817,-6.06997013,"BSh","BSh","Arid, steppe, hot","Arid, steppe, hot","Arid","Arid"
"icr006744","Pandambili",16,1,"Topsoil",36.5135,-6.05373,"BSh","BSh","Arid, steppe, hot","Arid, steppe, hot","Arid","Arid"
"icr006745","Pandambili",16,1,"Subsoil",36.5135,-6.05373,"BSh","BSh","Arid, steppe, hot","Arid, steppe, hot","Arid","Arid"
"icr020848","Kidatu",1,1,"Topsoil",37.26938248,-8.07403278,"Aw","Aw","Tropical, savannah","Tropical, savannah","Tropical (seasonal)","Tropical (seasonal)"
"icr020849","Kidatu",1,1,"Subsoil",37.26938248,-8.07403278,"Aw","Aw","Tropical, savannah","Tropical, savannah","Tropical (seasonal)","Tropical (seasonal)"
"icr020888","Kidatu",3,1,"Topsoil",37.27035141,-8.02105045,"Aw","Aw","Tropical, savannah","Tropical, savannah","Tropical (seasonal)","Tropical (seasonal)"
"icr020889","Kidatu",3,1,"Subsoil",37.27035141,-8.02105045,"Aw","Aw","Tropical, savannah","Tropical, savannah","Tropical (seasonal)","Tropical (seasonal)"
"icr020908","Kidatu",4,1,"Topsoil",37.27236938,-8.00080681,"Aw","Aw","Tropical, savannah","Tropical, savannah","Tropical (seasonal)","Tropical (seasonal)"
"icr020909","Kidatu",4,1,"Subsoil",37.27236938,-8.00080681,"Aw","Aw","Tropical, savannah","Tropical, savannah","Tropical (seasonal)","Tropical (seasonal)"
"icr020970","Kidatu",7,3,"Topsoil",37.29229736,-8.02381229,"Aw","Aw","Tropical, savannah","Tropical, savannah","Tropical (seasonal)","Tropical (seasonal)"
"icr020971","Kidatu",7,3,"Subsoil",37.29229736,-8.02381229,"Aw","Aw","Tropical, savannah","Tropical, savannah","Tropical (seasonal)","Tropical (seasonal)"
"icr021063","Kidatu",12,1,"Topsoil",37.31461716,-8.00514507,"Aw","Aw","Tropical, savannah","Tropical, savannah","Tropical (seasonal)","Tropical (seasonal)"
"icr021064","Kidatu",12,1,"Subsoil",37.31461716,-8.00514507,"Aw","Aw","Tropical, savannah","Tropical, savannah","Tropical (seasonal)","Tropical (seasonal)"
"icr021103","Kidatu",14,1,"Topsoil",37.33369827,-8.04930496,"Aw","Aw","Tropical, savannah","Tropical, savannah","Tropical (seasonal)","Tropical (seasonal)"
"icr021104","Kidatu",14,1,"Subsoil",37.33369827,-8.04930496,"Aw","Aw","Tropical, savannah","Tropical, savannah","Tropical (seasonal)","Tropical (seasonal)"
"icr024956","Itende",6,1,"Topsoil",34.19247818,-6.91006517,"BSh","BSh","Arid, steppe, hot","Arid, steppe, hot","Arid","Arid"
"icr024957","Itende",6,1,"Subsoil",34.19247818,-6.91006517,"BSh","BSh","Arid, steppe, hot","Arid, steppe, hot","Arid","Arid"
"icr024976","Itende",7,2,"Topsoil",34.19307327,-6.87918282,"BSh","BSh","Arid, steppe, hot","Arid, steppe, hot","Arid","Arid"
"icr024977","Itende",7,2,"Subsoil",34.19307327,-6.87918282,"BSh","BSh","Arid, steppe, hot","Arid, steppe, hot","Arid","Arid"
"icr024994","Itende",8,3,"Topsoil",34.19452667,-6.859828,"Aw","BSh","Tropical, savannah","Arid, steppe, hot","Tropical (seasonal)","Arid"
"icr024995","Itende",8,3,"Subsoil",34.19452667,-6.859828,"Aw","BSh","Tropical, savannah","Arid, steppe, hot","Tropical (seasonal)","Arid"
"icr030051","Dambidolo",2,6,"Topsoil",34.98833084,8.60195828,"Aw","Aw","Tropical, savannah","Tropical, savannah","Tropical (seasonal)","Tropical (seasonal)"
"icr030052","Dambidolo",2,6,"Subsoil",34.98833084,8.60195828,"Aw","Aw","Tropical, savannah","Tropical, savannah","Tropical (seasonal)","Tropical (seasonal)"
"icr030097","Dambidolo",4,8,"Topsoil",34.98268509,8.65556717,"Aw","Aw","Tropical, savannah","Tropical, savannah","Tropical (seasonal)","Tropical (seasonal)"
"icr030098","Dambidolo",4,8,"Subsoil",34.98268509,8.65556717,"Aw","Aw","Tropical, savannah","Tropical, savannah","Tropical (seasonal)","Tropical (seasonal)"
"icr030113","Dambidolo",5,7,"Topsoil",35.00011444,8.58142185,"Aw","Aw","Tropical, savannah","Tropical, savannah","Tropical (seasonal)","Tropical (seasonal)"
"icr030114","Dambidolo",5,7,"Subsoil",35.00011444,8.58142185,"Aw","Aw","Tropical, savannah","Tropical, savannah","Tropical (seasonal)","Tropical (seasonal)"
"icr030123","Dambidolo",6,2,"Topsoil",35.00059891,8.59928799,"Aw","Aw","Tropical, savannah","Tropical, savannah","Tropical (seasonal)","Tropical (seasonal)"
"icr030124","Dambidolo",6,2,"Subsoil",35.00059891,8.59928799,"Aw","Aw","Tropical, savannah","Tropical, savannah","Tropical (seasonal)","Tropical (seasonal)"
"icr030127","Dambidolo",6,5,"Topsoil",34.99979401,8.59832192,"Aw","Aw","Tropical, savannah","Tropical, savannah","Tropical (seasonal)","Tropical (seasonal)"
"icr030128","Dambidolo",6,5,"Subsoil",34.99979401,8.59832192,"Aw","Aw","Tropical, savannah","Tropical, savannah","Tropical (seasonal)","Tropical (seasonal)"
"icr030131","Dambidolo",6,7,"Topsoil",35.00479126,8.60511303,"Aw","Aw","Tropical, savannah","Tropical, savannah","Tropical (seasonal)","Tropical (seasonal)"
"icr030132","Dambidolo",6,7,"Subsoil",35.00479126,8.60511303,"Aw","Aw","Tropical, savannah","Tropical, savannah","Tropical (seasonal)","Tropical (seasonal)"
"icr030133","Dambidolo",6,8,"Topsoil",34.99936295,8.6012516,"Aw","Aw","Tropical, savannah","Tropical, savannah","Tropical (seasonal)","Tropical (seasonal)"
"icr030134","Dambidolo",6,8,"Subsoil",34.99936295,8.6012516,"Aw","Aw","Tropical, savannah","Tropical, savannah","Tropical (seasonal)","Tropical (seasonal)"
"icr030137","Dambidolo",6,10,"Topsoil",34.99982834,8.60101509,"Aw","Aw","Tropical, savannah","Tropical, savannah","Tropical (seasonal)","Tropical (seasonal)"
"icr030138","Dambidolo",6,10,"Subsoil",34.99982834,8.60101509,"Aw","Aw","Tropical, savannah","Tropical, savannah","Tropical (seasonal)","Tropical (seasonal)"
"icr030145","Dambidolo",7,2,"Topsoil",35.00531006,8.62525272,"Aw","Aw","Tropical, savannah","Tropical, savannah","Tropical (seasonal)","Tropical (seasonal)"
"icr030146","Dambidolo",7,2,"Subsoil",35.00531006,8.62525272,"Aw","Aw","Tropical, savannah","Tropical, savannah","Tropical (seasonal)","Tropical (seasonal)"
"icr030176","Dambidolo",8,8,"Topsoil",35.0014534,8.64603329,"Aw","Aw","Tropical, savannah","Tropical, savannah","Tropical (seasonal)","Tropical (seasonal)"
"icr030177","Dambidolo",8,8,"Subsoil",35.0014534,8.64603329,"Aw","Aw","Tropical, savannah","Tropical, savannah","Tropical (seasonal)","Tropical (seasonal)"
"icr030190","Dambidolo",9,12,"Topsoil",35.0256424,8.58047676,"Aw","Aw","Tropical, savannah","Tropical, savannah","Tropical (seasonal)","Tropical (seasonal)"
"icr030191","Dambidolo",9,12,"Subsoil",35.0256424,8.58047676,"Aw","Aw","Tropical, savannah","Tropical, savannah","Tropical (seasonal)","Tropical (seasonal)"
"icr030206","Dambidolo",10,5,"Topsoil",35.02694702,8.60710716,"Aw","Aw","Tropical, savannah","Tropical, savannah","Tropical (seasonal)","Tropical (seasonal)"
"icr030207","Dambidolo",10,5,"Subsoil",35.02694702,8.60710716,"Aw","Aw","Tropical, savannah","Tropical, savannah","Tropical (seasonal)","Tropical (seasonal)"
"icr030214","Dambidolo",10,9,"Topsoil",35.01977158,8.60314274,"Aw","Aw","Tropical, savannah","Tropical, savannah","Tropical (seasonal)","Tropical (seasonal)"
"icr030215","Dambidolo",10,9,"Subsoil",35.01977158,8.60314274,"Aw","Aw","Tropical, savannah","Tropical, savannah","Tropical (seasonal)","Tropical (seasonal)"
"icr030268","Dambidolo",13,6,"Topsoil",35.0459137,8.57730293,"Aw","Aw","Tropical, savannah","Tropical, savannah","Tropical (seasonal)","Tropical (seasonal)"
"icr030269","Dambidolo",13,6,"Subsoil",35.0459137,8.57730293,"Aw","Aw","Tropical, savannah","Tropical, savannah","Tropical (seasonal)","Tropical (seasonal)"
"icr030270","Dambidolo",13,7,"Topsoil",35.04312134,8.58223248,"Aw","Aw","Tropical, savannah","Tropical, savannah","Tropical (seasonal)","Tropical (seasonal)"
"icr030271","Dambidolo",13,7,"Subsoil",35.04312134,8.58223248,"Aw","Aw","Tropical, savannah","Tropical, savannah","Tropical (seasonal)","Tropical (seasonal)"
"icr030282","Dambidolo",14,4,"Topsoil",35.04640961,8.59956265,"Aw","Aw","Tropical, savannah","Tropical, savannah","Tropical (seasonal)","Tropical (seasonal)"
"icr030283","Dambidolo",14,4,"Subsoil",35.04640961,8.59956265,"Aw","Aw","Tropical, savannah","Tropical, savannah","Tropical (seasonal)","Tropical (seasonal)"
"icr030300","Dambidolo",15,3,"Topsoil",35.04849625,8.62188721,"Aw","Aw","Tropical, savannah","Tropical, savannah","Tropical (seasonal)","Tropical (seasonal)"
"icr030301","Dambidolo",15,3,"Subsoil",35.04849625,8.62188721,"Aw","Aw","Tropical, savannah","Tropical, savannah","Tropical (seasonal)","Tropical (seasonal)"
"icr030323","Dambidolo",16,5,"Topsoil",35.04421616,8.64572334,"Aw","Aw","Tropical, savannah","Tropical, savannah","Tropical (seasonal)","Tropical (seasonal)"
"icr030324","Dambidolo",16,5,"Subsoil",35.04421616,8.64572334,"Aw","Aw","Tropical, savannah","Tropical, savannah","Tropical (seasonal)","Tropical (seasonal)"
"icr030330","Dambidolo",16,9,"Topsoil",35.04863358,8.64678001,"Aw","Aw","Tropical, savannah","Tropical, savannah","Tropical (seasonal)","Tropical (seasonal)"
"icr030331","Dambidolo",16,9,"Subsoil",35.04863358,8.64678001,"Aw","Aw","Tropical, savannah","Tropical, savannah","Tropical (seasonal)","Tropical (seasonal)"
"icr033419","Mbalambala",5,7,"Topsoil",39.02086639,-0.155982,"BWh","BSh","Arid, desert, hot","Arid, steppe, hot","Arid","Arid"
"icr033420","Mbalambala",5,7,"Subsoil",39.02086639,-0.155982,"BWh","BSh","Arid, desert, hot","Arid, steppe, hot","Arid","Arid"
"icr033535","Mbalambala",13,6,"Topsoil",39.0616951,-0.15338799,"BWh","BWh","Arid, desert, hot","Arid, desert, hot","Arid","Arid"
"icr033536","Mbalambala",13,6,"Subsoil",39.0616951,-0.15338799,"BWh","BWh","Arid, desert, hot","Arid, desert, hot","Arid","Arid"
"icr033592","Mbalambala",16,8,"Topsoil",39.06327438,-0.089757,"BWh","BSh","Arid, desert, hot","Arid, steppe, hot","Arid","Arid"
"icr033593","Mbalambala",16,8,"Subsoil",39.06327438,-0.089757,"BWh","BSh","Arid, desert, hot","Arid, steppe, hot","Arid","Arid"
"icr033598","Mbalambala",16,14,"Topsoil",39.06158447,-0.086252,"BWh","BSh","Arid, desert, hot","Arid, steppe, hot","Arid","Arid"
"icr033599","Mbalambala",16,14,"Subsoil",39.06158447,-0.086252,"BWh","BSh","Arid, desert, hot","Arid, steppe, hot","Arid","Arid"
"icr033634","Mega",2,14,"Topsoil",38.2612915,4.17119789,"BSh","Aw","Arid, steppe, hot","Tropical, savannah","Arid","Tropical (seasonal)"
"icr033635","Mega",2,14,"Subsoil",38.2612915,4.17119789,"BSh","Aw","Arid, steppe, hot","Tropical, savannah","Arid","Tropical (seasonal)"
"icr033664","Mega",4,6,"Topsoil",38.26822662,4.2133522,"BSh","Aw","Arid, steppe, hot","Tropical, savannah","Arid","Tropical (seasonal)"
"icr033665","Mega",4,6,"Subsoil",38.26822662,4.2133522,"BSh","Aw","Arid, steppe, hot","Tropical, savannah","Arid","Tropical (seasonal)"
"icr033819","Mega",12,5,"Topsoil",38.3169632,4.21460199,"BSh","Aw","Arid, steppe, hot","Tropical, savannah","Arid","Tropical (seasonal)"
"icr033820","Mega",12,5,"Subsoil",38.3169632,4.21460199,"BSh","Aw","Arid, steppe, hot","Tropical, savannah","Arid","Tropical (seasonal)"
"icr037453","Finnkolo",3,1,"Topsoil",-5.534058333,11.32941667,"Aw","Aw","Tropical, savannah","Tropical, savannah","Tropical (seasonal)","Tropical (seasonal)"
"icr037454","Finnkolo",3,1,"Subsoil",-5.534058333,11.32941667,"Aw","Aw","Tropical, savannah","Tropical, savannah","Tropical (seasonal)","Tropical (seasonal)"
"icr037531","Finnkolo",7,1,"Topsoil",-5.518538333,11.32956833,"Aw","Aw","Tropical, savannah","Tropical, savannah","Tropical (seasonal)","Tropical (seasonal)"
"icr037532","Finnkolo",7,1,"Subsoil",-5.518538333,11.32956833,"Aw","Aw","Tropical, savannah","Tropical, savannah","Tropical (seasonal)","Tropical (seasonal)"
"icr037574","Finnkolo",9,5,"Topsoil",-5.486493333,11.28301667,"Aw","Aw","Tropical, savannah","Tropical, savannah","Tropical (seasonal)","Tropical (seasonal)"
"icr037575","Finnkolo",9,5,"Subsoil",-5.486493333,11.28301667,"Aw","Aw","Tropical, savannah","Tropical, savannah","Tropical (seasonal)","Tropical (seasonal)"
"icr037927","Bana",10,1,"Topsoil",10.26777667,5.25545667,"Aw","Aw","Tropical, savannah","Tropical, savannah","Tropical (seasonal)","Tropical (seasonal)"
"icr037928","Bana",10,1,"Subsoil",10.26777667,5.25545667,"Aw","Aw","Tropical, savannah","Tropical, savannah","Tropical (seasonal)","Tropical (seasonal)"
"icr037986","Bana",13,1,"Topsoil",10.28871167,5.233795,"Aw","Aw","Tropical, savannah","Tropical, savannah","Tropical (seasonal)","Tropical (seasonal)"
"icr037987","Bana",13,1,"Subsoil",10.28871167,5.233795,"Aw","Aw","Tropical, savannah","Tropical, savannah","Tropical (seasonal)","Tropical (seasonal)"
"icr038147","Kutaber",3,8,"Topsoil",39.57326889,11.30547237,"Cwb","Cwb","Temperate, dry winter, warm summer","Temperate, dry winter, warm summer","Temperate (seasonal)","Temperate (seasonal)"
"icr038148","Kutaber",3,8,"Subsoil",39.57326889,11.30547237,"Cwb","Cwb","Temperate, dry winter, warm summer","Temperate, dry winter, warm summer","Temperate (seasonal)","Temperate (seasonal)"
"icr038218","Kutaber",7,6,"Topsoil",39.59435272,11.30890274,"Cwb","Cwb","Temperate, dry winter, warm summer","Temperate, dry winter, warm summer","Temperate (seasonal)","Temperate (seasonal)"
"icr038219","Kutaber",7,6,"Subsoil",39.59435272,11.30890274,"Cwb","Cwb","Temperate, dry winter, warm summer","Temperate, dry winter, warm summer","Temperate (seasonal)","Temperate (seasonal)"
"icr038227","Kutaber",8,1,"Topsoil",39.59209442,11.32841492,"Cwb","Cwa","Temperate, dry winter, warm summer","Temperate, dry winter, hot summer","Temperate (seasonal)","Temperate (seasonal)"
"icr038228","Kutaber",8,1,"Subsoil",39.59209442,11.32841492,"Cwb","Cwa","Temperate, dry winter, warm summer","Temperate, dry winter, hot summer","Temperate (seasonal)","Temperate (seasonal)"
"icr038242","Kutaber",8,10,"Topsoil",39.59540176,11.33280659,"Cwb","Cwa","Temperate, dry winter, warm summer","Temperate, dry winter, hot summer","Temperate (seasonal)","Temperate (seasonal)"
"icr038243","Kutaber",8,10,"Subsoil",39.59540176,11.33280659,"Cwb","Cwa","Temperate, dry winter, warm summer","Temperate, dry winter, hot summer","Temperate (seasonal)","Temperate (seasonal)"
"icr038299","Kutaber",12,1,"Topsoil",39.61781311,11.33362484,"Cwa","Aw","Temperate, dry winter, hot summer","Tropical, savannah","Temperate (seasonal)","Tropical (seasonal)"
"icr038300","Kutaber",12,1,"Subsoil",39.61781311,11.33362484,"Cwa","Aw","Temperate, dry winter, hot summer","Tropical, savannah","Temperate (seasonal)","Tropical (seasonal)"
"icr038302","Kutaber",12,6,"Topsoil",39.61585617,11.33428001,"Cwb","Aw","Temperate, dry winter, warm summer","Tropical, savannah","Temperate (seasonal)","Tropical (seasonal)"
"icr038303","Kutaber",12,6,"Subsoil",39.61585617,11.33428001,"Cwb","Aw","Temperate, dry winter, warm summer","Tropical, savannah","Temperate (seasonal)","Tropical (seasonal)"
"icr041679","Marafa",3,1,"Topsoil",39.51435852,-2.62334704,"BSh","BSh","Arid, steppe, hot","Arid, steppe, hot","Arid","Arid"
"icr041680","Marafa",3,1,"Subsoil",39.51435852,-2.62334704,"BSh","BSh","Arid, steppe, hot","Arid, steppe, hot","Arid","Arid"
"icr041789","Marafa",8,6,"Topsoil",39.53932953,-2.59726691,"BSh","BSh","Arid, steppe, hot","Arid, steppe, hot","Arid","Arid"
"icr041790","Marafa",8,6,"Subsoil",39.53932953,-2.59726691,"BSh","BSh","Arid, steppe, hot","Arid, steppe, hot","Arid","Arid"
"icr041898","Marafa",14,2,"Topsoil",39.57897949,-2.64556789,"BSh","BSh","Arid, steppe, hot","Arid, steppe, hot","Arid","Arid"
"icr041899","Marafa",14,2,"Subsoil",39.57897949,-2.64556789,"BSh","BSh","Arid, steppe, hot","Arid, steppe, hot","Arid","Arid"
"icr041992","Morijo",1,4,"Topsoil",35.7769928,-1.75783205,"Csb","Aw","Temperate, dry summer, warm summer","Tropical, savannah","Temperate (seasonal)","Tropical (seasonal)"
"icr041993","Morijo",1,4,"Subsoil",35.7769928,-1.75783205,"Csb","Aw","Temperate, dry summer, warm summer","Tropical, savannah","Temperate (seasonal)","Tropical (seasonal)"
"icr042024","Morijo",3,1,"Topsoil",35.78072357,-1.70595801,"Csb","Aw","Temperate, dry summer, warm summer","Tropical, savannah","Temperate (seasonal)","Tropical (seasonal)"
"icr042025","Morijo",3,1,"Subsoil",35.78072357,-1.70595801,"Csb","Aw","Temperate, dry summer, warm summer","Tropical, savannah","Temperate (seasonal)","Tropical (seasonal)"
"icr042074","Morijo",5,9,"Topsoil",35.79964447,-1.75745797,"Csb","Aw","Temperate, dry summer, warm summer","Tropical, savannah","Temperate (seasonal)","Tropical (seasonal)"
"icr042075","Morijo",5,9,"Subsoil",35.79964447,-1.75745797,"Csb","Aw","Temperate, dry summer, warm summer","Tropical, savannah","Temperate (seasonal)","Tropical (seasonal)"
"icr042082","Morijo",6,3,"Topsoil",35.80267715,-1.72688997,"Csb","Aw","Temperate, dry summer, warm summer","Tropical, savannah","Temperate (seasonal)","Tropical (seasonal)"
"icr042083","Morijo",6,3,"Subsoil",35.80267715,-1.72688997,"Csb","Aw","Temperate, dry summer, warm summer","Tropical, savannah","Temperate (seasonal)","Tropical (seasonal)"
"icr042108","Morijo",7,7,"Topsoil",35.79957581,-1.70866501,"Csb","Aw","Temperate, dry summer, warm summer","Tropical, savannah","Temperate (seasonal)","Tropical (seasonal)"
"icr042109","Morijo",7,7,"Subsoil",35.79957581,-1.70866501,"Csb","Aw","Temperate, dry summer, warm summer","Tropical, savannah","Temperate (seasonal)","Tropical (seasonal)"
"icr042113","Morijo",7,10,"Topsoil",35.80049515,-1.70868194,"Csb","Aw","Temperate, dry summer, warm summer","Tropical, savannah","Temperate (seasonal)","Tropical (seasonal)"
"icr042114","Morijo",7,10,"Subsoil",35.80049515,-1.70868194,"Csb","Aw","Temperate, dry summer, warm summer","Tropical, savannah","Temperate (seasonal)","Tropical (seasonal)"
"icr042117","Morijo",8,2,"Topsoil",35.80121613,-1.67825699,"Csb","Cfb","Temperate, dry summer, warm summer","Temperate, no dry season, warm summer","Temperate (seasonal)","Temperate (humid)"
"icr042118","Morijo",8,2,"Subsoil",35.80121613,-1.67825699,"Csb","Cfb","Temperate, dry summer, warm summer","Temperate, no dry season, warm summer","Temperate (seasonal)","Temperate (humid)"
"icr042141","Morijo",9,5,"Topsoil",35.8225708,-1.75320995,"Csb","Aw","Temperate, dry summer, warm summer","Tropical, savannah","Temperate (seasonal)","Tropical (seasonal)"
"icr042142","Morijo",9,5,"Subsoil",35.8225708,-1.75320995,"Csb","Aw","Temperate, dry summer, warm summer","Tropical, savannah","Temperate (seasonal)","Tropical (seasonal)"
"icr042191","Morijo",12,2,"Topsoil",35.82104874,-1.68677199,"Csb","Cfb","Temperate, dry summer, warm summer","Temperate, no dry season, warm summer","Temperate (seasonal)","Temperate (humid)"
"icr042192","Morijo",12,2,"Subsoil",35.82104874,-1.68677199,"Csb","Cfb","Temperate, dry summer, warm summer","Temperate, no dry season, warm summer","Temperate (seasonal)","Temperate (humid)"
"icr042204","Morijo",12,9,"Topsoil",35.81818008,-1.68444002,"Csb","Cfb","Temperate, dry summer, warm summer","Temperate, no dry season, warm summer","Temperate (seasonal)","Temperate (humid)"
"icr042205","Morijo",12,9,"Subsoil",35.81818008,-1.68444002,"Csb","Cfb","Temperate, dry summer, warm summer","Temperate, no dry season, warm summer","Temperate (seasonal)","Temperate (humid)"
"icr042239","Morijo",14,7,"Topsoil",35.84237671,-1.73143196,"Csb","Aw","Temperate, dry summer, warm summer","Tropical, savannah","Temperate (seasonal)","Tropical (seasonal)"
"icr042240","Morijo",14,7,"Subsoil",35.84237671,-1.73143196,"Csb","Aw","Temperate, dry summer, warm summer","Tropical, savannah","Temperate (seasonal)","Tropical (seasonal)"
"icr042241","Morijo",14,8,"Topsoil",35.84387589,-1.733603,"Cfb","Aw","Temperate, no dry season, warm summer","Tropical, savannah","Temperate (humid)","Tropical (seasonal)"
"icr042242","Morijo",14,8,"Subsoil",35.84387589,-1.733603,"Cfb","Aw","Temperate, no dry season, warm summer","Tropical, savannah","Temperate (humid)","Tropical (seasonal)"
"icr042245","Morijo",14,10,"Topsoil",35.83790207,-1.730443,"Csb","Aw","Temperate, dry summer, warm summer","Tropical, savannah","Temperate (seasonal)","Tropical (seasonal)"
"icr042246","Morijo",14,10,"Subsoil",35.83790207,-1.730443,"Csb","Aw","Temperate, dry summer, warm summer","Tropical, savannah","Temperate (seasonal)","Tropical (seasonal)"
"icr042265","Morijo",16,1,"Topsoil",35.8539772,-1.68765497,"Csb","Aw","Temperate, dry summer, warm summer","Tropical, savannah","Temperate (seasonal)","Tropical (seasonal)"
"icr042266","Morijo",16,1,"Subsoil",35.8539772,-1.68765497,"Csb","Aw","Temperate, dry summer, warm summer","Tropical, savannah","Temperate (seasonal)","Tropical (seasonal)"
"icr042267","Morijo",16,2,"Topsoil",35.85451508,-1.68508506,"Csb","Aw","Temperate, dry summer, warm summer","Tropical, savannah","Temperate (seasonal)","Tropical (seasonal)"
"icr042268","Morijo",16,2,"Subsoil",35.85451508,-1.68508506,"Csb","Aw","Temperate, dry summer, warm summer","Tropical, savannah","Temperate (seasonal)","Tropical (seasonal)"
"icr042280","Morijo",16,9,"Topsoil",35.848,-1.68759,"Csb","Aw","Temperate, dry summer, warm summer","Tropical, savannah","Temperate (seasonal)","Tropical (seasonal)"
"icr042281","Morijo",16,9,"Subsoil",35.848,-1.68759,"Csb","Aw","Temperate, dry summer, warm summer","Tropical, savannah","Temperate (seasonal)","Tropical (seasonal)"
"icr042282","Morijo",16,10,"Topsoil",35.8489,-1.68592,"Csb","Aw","Temperate, dry summer, warm summer","Tropical, savannah","Temperate (seasonal)","Tropical (seasonal)"
"icr042283","Morijo",16,10,"Subsoil",35.8489,-1.68592,"Csb","Aw","Temperate, dry summer, warm summer","Tropical, savannah","Temperate (seasonal)","Tropical (seasonal)"
"icr048664","Madadeni",13,2,"Topsoil",30.0861,-27.6154,"Cwb","Cwa","Temperate, dry winter, warm summer","Temperate, dry winter, hot summer","Temperate (seasonal)","Temperate (seasonal)"
"icr048665","Madadeni",13,2,"Subsoil",30.0861,-27.6154,"Cwb","Cwa","Temperate, dry winter, warm summer","Temperate, dry winter, hot summer","Temperate (seasonal)","Temperate (seasonal)"
"icr048837","Hopetown",8,2,"Topsoil",23.933,-29.7781,"BSk","BWh","Arid, steppe, cold","Arid, desert, hot","Arid","Arid"
"icr048838","Hopetown",8,2,"Subsoil",23.933,-29.7781,"BSk","BWh","Arid, steppe, cold","Arid, desert, hot","Arid","Arid"
"icr050214","Martinho",5,1,"Topsoil",38.96290833,-16.17429833,"Aw","Aw","Tropical, savannah","Tropical, savannah","Tropical (seasonal)","Tropical (seasonal)"
"icr050215","Martinho",5,1,"Subsoil",38.96290833,-16.17429833,"Aw","Aw","Tropical, savannah","Tropical, savannah","Tropical (seasonal)","Tropical (seasonal)"
"icr050354","Martinho",12,1,"Topsoil",38.98612833,-16.11628667,"Aw","Aw","Tropical, savannah","Tropical, savannah","Tropical (seasonal)","Tropical (seasonal)"
"icr050355","Martinho",12,1,"Subsoil",38.98612833,-16.11628667,"Aw","Aw","Tropical, savannah","Tropical, savannah","Tropical (seasonal)","Tropical (seasonal)"
"icr054175","Namasuba",1,7,"Topsoil",32.26567841,0.49293199,"Af","Af","Tropical, rainforest","Tropical, rainforest","Tropical (humid)","Tropical (humid)"
"icr054176","Namasuba",1,7,"Subsoil",32.26567841,0.49293199,"Af","Af","Tropical, rainforest","Tropical, rainforest","Tropical (humid)","Tropical (humid)"
"icr054181","Namasuba",1,10,"Topsoil",32.26797867,0.49572,"Af","Af","Tropical, rainforest","Tropical, rainforest","Tropical (humid)","Tropical (humid)"
"icr054182","Namasuba",1,10,"Subsoil",32.26797867,0.49572,"Af","Af","Tropical, rainforest","Tropical, rainforest","Tropical (humid)","Tropical (humid)"
"icr054188","Namasuba",2,4,"Topsoil",32.26695633,0.51490003,"Am","Af","Tropical, monsoon","Tropical, rainforest","Tropical (humid)","Tropical (humid)"
"icr054189","Namasuba",2,4,"Subsoil",32.26695633,0.51490003,"Am","Af","Tropical, monsoon","Tropical, rainforest","Tropical (humid)","Tropical (humid)"
"icr054190","Namasuba",2,5,"Topsoil",32.27025223,0.51411301,"Am","Af","Tropical, monsoon","Tropical, rainforest","Tropical (humid)","Tropical (humid)"
"icr054191","Namasuba",2,5,"Subsoil",32.27025223,0.51411301,"Am","Af","Tropical, monsoon","Tropical, rainforest","Tropical (humid)","Tropical (humid)"
"icr054201","Namasuba",3,1,"Topsoil",32.26804352,0.53347302,"Am","Af","Tropical, monsoon","Tropical, rainforest","Tropical (humid)","Tropical (humid)"
"icr054202","Namasuba",3,1,"Subsoil",32.26804352,0.53347302,"Am","Af","Tropical, monsoon","Tropical, rainforest","Tropical (humid)","Tropical (humid)"
"icr054234","Namasuba",4,9,"Topsoil",32.26136017,0.55520201,"Am","Af","Tropical, monsoon","Tropical, rainforest","Tropical (humid)","Tropical (humid)"
"icr054235","Namasuba",4,9,"Subsoil",32.26136017,0.55520201,"Am","Af","Tropical, monsoon","Tropical, rainforest","Tropical (humid)","Tropical (humid)"
"icr054256","Namasuba",5,10,"Topsoil",32.28332138,0.49879301,"Af","Af","Tropical, rainforest","Tropical, rainforest","Tropical (humid)","Tropical (humid)"
"icr054257","Namasuba",5,10,"Subsoil",32.28332138,0.49879301,"Af","Af","Tropical, rainforest","Tropical, rainforest","Tropical (humid)","Tropical (humid)"
"icr054269","Namasuba",6,7,"Topsoil",32.28722,0.50801003,"Af","Af","Tropical, rainforest","Tropical, rainforest","Tropical (humid)","Tropical (humid)"
"icr054270","Namasuba",6,7,"Subsoil",32.28722,0.50801003,"Af","Af","Tropical, rainforest","Tropical, rainforest","Tropical (humid)","Tropical (humid)"
"icr054285","Namasuba",7,8,"Topsoil",32.28696823,0.54031301,"Am","Af","Tropical, monsoon","Tropical, rainforest","Tropical (humid)","Tropical (humid)"
"icr054286","Namasuba",7,8,"Subsoil",32.28696823,0.54031301,"Am","Af","Tropical, monsoon","Tropical, rainforest","Tropical (humid)","Tropical (humid)"
"icr054287","Namasuba",7,9,"Topsoil",32.29005432,0.53937298,"Am","Af","Tropical, monsoon","Tropical, rainforest","Tropical (humid)","Tropical (humid)"
"icr054288","Namasuba",7,9,"Subsoil",32.29005432,0.53937298,"Am","Af","Tropical, monsoon","Tropical, rainforest","Tropical (humid)","Tropical (humid)"
"icr054301","Namasuba",8,5,"Topsoil",32.29267502,0.565265,"Am","Af","Tropical, monsoon","Tropical, rainforest","Tropical (humid)","Tropical (humid)"
"icr054302","Namasuba",8,5,"Subsoil",32.29267502,0.565265,"Am","Af","Tropical, monsoon","Tropical, rainforest","Tropical (humid)","Tropical (humid)"
"icr054307","Namasuba",8,8,"Topsoil",32.28472519,0.56025702,"Am","Af","Tropical, monsoon","Tropical, rainforest","Tropical (humid)","Tropical (humid)"
"icr054308","Namasuba",8,8,"Subsoil",32.28472519,0.56025702,"Am","Af","Tropical, monsoon","Tropical, rainforest","Tropical (humid)","Tropical (humid)"
"icr054309","Namasuba",8,9,"Topsoil",32.28888702,0.55812198,"Am","Af","Tropical, monsoon","Tropical, rainforest","Tropical (humid)","Tropical (humid)"
"icr054310","Namasuba",8,9,"Subsoil",32.28888702,0.55812198,"Am","Af","Tropical, monsoon","Tropical, rainforest","Tropical (humid)","Tropical (humid)"
"icr054315","Namasuba",9,2,"Topsoil",32.30392838,0.49693999,"Af","Af","Tropical, rainforest","Tropical, rainforest","Tropical (humid)","Tropical (humid)"
"icr054316","Namasuba",9,2,"Subsoil",32.30392838,0.49693999,"Af","Af","Tropical, rainforest","Tropical, rainforest","Tropical (humid)","Tropical (humid)"
"icr054322","Namasuba",9,7,"Topsoil",32.3050766,0.49724999,"Af","Af","Tropical, rainforest","Tropical, rainforest","Tropical (humid)","Tropical (humid)"
"icr054323","Namasuba",9,7,"Subsoil",32.3050766,0.49724999,"Af","Af","Tropical, rainforest","Tropical, rainforest","Tropical (humid)","Tropical (humid)"
"icr054363","Namasuba",12,3,"Topsoil",32.30693817,0.55994499,"Am","Af","Tropical, monsoon","Tropical, rainforest","Tropical (humid)","Tropical (humid)"
"icr054364","Namasuba",12,3,"Subsoil",32.30693817,0.55994499,"Am","Af","Tropical, monsoon","Tropical, rainforest","Tropical (humid)","Tropical (humid)"
"icr054372","Namasuba",12,10,"Topsoil",32.30748367,0.55493498,"Am","Af","Tropical, monsoon","Tropical, rainforest","Tropical (humid)","Tropical (humid)"
"icr054373","Namasuba",12,10,"Subsoil",32.30748367,0.55493498,"Am","Af","Tropical, monsoon","Tropical, rainforest","Tropical (humid)","Tropical (humid)"
"icr054387","Namasuba",14,1,"Topsoil",32.33942032,0.51074201,"Af","Af","Tropical, rainforest","Tropical, rainforest","Tropical (humid)","Tropical (humid)"
"icr054388","Namasuba",14,1,"Subsoil",32.33942032,0.51074201,"Af","Af","Tropical, rainforest","Tropical, rainforest","Tropical (humid)","Tropical (humid)"
"icr054395","Namasuba",14,5,"Topsoil",32.33616638,0.50930202,"Af","Af","Tropical, rainforest","Tropical, rainforest","Tropical (humid)","Tropical (humid)"
"icr054396","Namasuba",14,5,"Subsoil",32.33616638,0.50930202,"Af","Af","Tropical, rainforest","Tropical, rainforest","Tropical (humid)","Tropical (humid)"
"icr054402","Namasuba",14,9,"Topsoil",32.33401489,0.51394999,"Af","Af","Tropical, rainforest","Tropical, rainforest","Tropical (humid)","Tropical (humid)"
"icr054403","Namasuba",14,9,"Subsoil",32.33401489,0.51394999,"Af","Af","Tropical, rainforest","Tropical, rainforest","Tropical (humid)","Tropical (humid)"
"icr054410","Namasuba",15,5,"Topsoil",32.33211136,0.52495998,"Af","Af","Tropical, rainforest","Tropical, rainforest","Tropical (humid)","Tropical (humid)"
"icr054411","Namasuba",15,5,"Subsoil",32.33211136,0.52495998,"Af","Af","Tropical, rainforest","Tropical, rainforest","Tropical (humid)","Tropical (humid)"
"icr054415","Namasuba",15,9,"Topsoil",32.33204269,0.52944702,"Am","Af","Tropical, monsoon","Tropical, rainforest","Tropical (humid)","Tropical (humid)"
"icr054416","Namasuba",15,9,"Subsoil",32.33204269,0.52944702,"Am","Af","Tropical, monsoon","Tropical, rainforest","Tropical (humid)","Tropical (humid)"
"icr054426","Namasuba",16,5,"Topsoil",32.33074188,0.56059003,"Af","Af","Tropical, rainforest","Tropical, rainforest","Tropical (humid)","Tropical (humid)"
"icr054427","Namasuba",16,5,"Subsoil",32.33074188,0.56059003,"Af","Af","Tropical, rainforest","Tropical, rainforest","Tropical (humid)","Tropical (humid)"
"icr054433","Namasuba",16,9,"Topsoil",32.32992935,0.56426501,"Af","Af","Tropical, rainforest","Tropical, rainforest","Tropical (humid)","Tropical (humid)"
"icr054434","Namasuba",16,9,"Subsoil",32.32992935,0.56426501,"Af","Af","Tropical, rainforest","Tropical, rainforest","Tropical (humid)","Tropical (humid)"
"icr054445","Hoima",1,6,"Topsoil",31.46744833,1.452473333,"Am","Am","Tropical, monsoon","Tropical, monsoon","Tropical (humid)","Tropical (humid)"
"icr054446","Hoima",1,6,"Subsoil",31.46744833,1.452473333,"Am","Am","Tropical, monsoon","Tropical, monsoon","Tropical (humid)","Tropical (humid)"
"icr054449","Hoima",1,8,"Topsoil",31.472245,1.457278333,"Am","Am","Tropical, monsoon","Tropical, monsoon","Tropical (humid)","Tropical (humid)"
"icr054450","Hoima",1,8,"Subsoil",31.472245,1.457278333,"Am","Am","Tropical, monsoon","Tropical, monsoon","Tropical (humid)","Tropical (humid)"
"icr054523","Hoima",6,7,"Topsoil",31.49498167,1.481888333,"Am","Am","Tropical, monsoon","Tropical, monsoon","Tropical (humid)","Tropical (humid)"
"icr054524","Hoima",6,7,"Subsoil",31.49498167,1.481888333,"Am","Am","Tropical, monsoon","Tropical, monsoon","Tropical (humid)","Tropical (humid)"
"icr054556","Hoima",8,8,"Topsoil",31.48545833,1.52404,"Am","Am","Tropical, monsoon","Tropical, monsoon","Tropical (humid)","Tropical (humid)"
"icr054557","Hoima",8,8,"Subsoil",31.48545833,1.52404,"Am","Am","Tropical, monsoon","Tropical, monsoon","Tropical (humid)","Tropical (humid)"
"icr054574","Hoima",9,6,"Topsoil",31.51262,1.461373333,"Am","Am","Tropical, monsoon","Tropical, monsoon","Tropical (humid)","Tropical (humid)"
"icr054575","Hoima",9,6,"Subsoil",31.51262,1.461373333,"Am","Am","Tropical, monsoon","Tropical, monsoon","Tropical (humid)","Tropical (humid)"
"icr054643","Hoima",13,4,"Topsoil",31.533415,1.45752,"Am","Am","Tropical, monsoon","Tropical, monsoon","Tropical (humid)","Tropical (humid)"
"icr054644","Hoima",13,4,"Subsoil",31.533415,1.45752,"Am","Am","Tropical, monsoon","Tropical, monsoon","Tropical (humid)","Tropical (humid)"
"icr054709","Hoima",16,8,"Topsoil",31.53856333,1.52303,"Am","Am","Tropical, monsoon","Tropical, monsoon","Tropical (humid)","Tropical (humid)"
"icr054710","Hoima",16,8,"Subsoil",31.53856333,1.52303,"Am","Am","Tropical, monsoon","Tropical, monsoon","Tropical (humid)","Tropical (humid)"
"icr056500","Monga",16,1,"Topsoil",28.32967,-16.04378333,"Cwa","BSh","Temperate, dry winter, hot summer","Arid, steppe, hot","Temperate (seasonal)","Arid"
"icr056501","Monga",16,1,"Subsoil",28.32967,-16.04378333,"Cwa","BSh","Temperate, dry winter, hot summer","Arid, steppe, hot","Temperate (seasonal)","Arid"
"icr062136","Didy",1,2,"Topsoil",48.6886,-18.3426,"Cfa","Am","Temperate, no dry season, hot summer","Tropical, monsoon","Temperate (humid)","Tropical (humid)"
"icr062137","Didy",1,2,"Subsoil",48.6886,-18.3426,"Cfa","Am","Temperate, no dry season, hot summer","Tropical, monsoon","Temperate (humid)","Tropical (humid)"
"icr062141","Didy",1,5,"Topsoil",48.6894,-18.3452,"Cfa","Am","Temperate, no dry season, hot summer","Tropical, monsoon","Temperate (humid)","Tropical (humid)"
"icr062142","Didy",1,5,"Subsoil",48.6894,-18.3452,"Cfa","Am","Temperate, no dry season, hot summer","Tropical, monsoon","Temperate (humid)","Tropical (humid)"
"icr062147","Didy",1,8,"Topsoil",48.6914,-18.3482,"Cfa","Am","Temperate, no dry season, hot summer","Tropical, monsoon","Temperate (humid)","Tropical (humid)"
"icr062148","Didy",1,8,"Subsoil",48.6914,-18.3482,"Cfa","Am","Temperate, no dry season, hot summer","Tropical, monsoon","Temperate (humid)","Tropical (humid)"
"icr062151","Didy",1,10,"Topsoil",48.6911,-18.3417,"Cfa","Am","Temperate, no dry season, hot summer","Tropical, monsoon","Temperate (humid)","Tropical (humid)"
"icr062152","Didy",1,10,"Subsoil",48.6911,-18.3417,"Cfa","Am","Temperate, no dry season, hot summer","Tropical, monsoon","Temperate (humid)","Tropical (humid)"
"icr062157","Didy",2,2,"Topsoil",48.6871,-18.3113,"Cfa","Am","Temperate, no dry season, hot summer","Tropical, monsoon","Temperate (humid)","Tropical (humid)"
"icr062158","Didy",2,2,"Subsoil",48.6871,-18.3113,"Cfa","Am","Temperate, no dry season, hot summer","Tropical, monsoon","Temperate (humid)","Tropical (humid)"
"icr062159","Didy",2,3,"Topsoil",48.6861,-18.3158,"Cfa","Am","Temperate, no dry season, hot summer","Tropical, monsoon","Temperate (humid)","Tropical (humid)"
"icr062160","Didy",2,3,"Subsoil",48.6861,-18.3158,"Cfa","Am","Temperate, no dry season, hot summer","Tropical, monsoon","Temperate (humid)","Tropical (humid)"
"icr062165","Didy",2,6,"Topsoil",48.689,-18.3145,"Cfa","Am","Temperate, no dry season, hot summer","Tropical, monsoon","Temperate (humid)","Tropical (humid)"
"icr062166","Didy",2,6,"Subsoil",48.689,-18.3145,"Cfa","Am","Temperate, no dry season, hot summer","Tropical, monsoon","Temperate (humid)","Tropical (humid)"
"icr062167","Didy",2,7,"Topsoil",48.6913,-18.3171,"Cfa","Am","Temperate, no dry season, hot summer","Tropical, monsoon","Temperate (humid)","Tropical (humid)"
"icr062168","Didy",2,7,"Subsoil",48.6913,-18.3171,"Cfa","Am","Temperate, no dry season, hot summer","Tropical, monsoon","Temperate (humid)","Tropical (humid)"
"icr062169","Didy",2,8,"Topsoil",48.6868,-18.3108,"Cfa","Am","Temperate, no dry season, hot summer","Tropical, monsoon","Temperate (humid)","Tropical (humid)"
"icr062170","Didy",2,8,"Subsoil",48.6868,-18.3108,"Cfa","Am","Temperate, no dry season, hot summer","Tropical, monsoon","Temperate (humid)","Tropical (humid)"
"icr062179","Didy",3,3,"Topsoil",48.6889,-18.3041,"Cfa","Am","Temperate, no dry season, hot summer","Tropical, monsoon","Temperate (humid)","Tropical (humid)"
"icr062180","Didy",3,3,"Subsoil",48.6889,-18.3041,"Cfa","Am","Temperate, no dry season, hot summer","Tropical, monsoon","Temperate (humid)","Tropical (humid)"
"icr062183","Didy",3,5,"Topsoil",48.6864,-18.301,"Cfa","Am","Temperate, no dry season, hot summer","Tropical, monsoon","Temperate (humid)","Tropical (humid)"
"icr062184","Didy",3,5,"Subsoil",48.6864,-18.301,"Cfa","Am","Temperate, no dry season, hot summer","Tropical, monsoon","Temperate (humid)","Tropical (humid)"
"icr062187","Didy",3,7,"Topsoil",48.6897,-18.3016,"Cfa","Am","Temperate, no dry season, hot summer","Tropical, monsoon","Temperate (humid)","Tropical (humid)"
"icr062188","Didy",3,7,"Subsoil",48.6897,-18.3016,"Cfa","Am","Temperate, no dry season, hot summer","Tropical, monsoon","Temperate (humid)","Tropical (humid)"
"icr062195","Didy",4,1,"Topsoil",48.6875,-18.2759,"Cfa","Am","Temperate, no dry season, hot summer","Tropical, monsoon","Temperate (humid)","Tropical (humid)"
"icr062196","Didy",4,1,"Subsoil",48.6875,-18.2759,"Cfa","Am","Temperate, no dry season, hot summer","Tropical, monsoon","Temperate (humid)","Tropical (humid)"
"icr062199","Didy",4,3,"Topsoil",48.6856,-18.2763,"Cfa","Am","Temperate, no dry season, hot summer","Tropical, monsoon","Temperate (humid)","Tropical (humid)"
"icr062200","Didy",4,3,"Subsoil",48.6856,-18.2763,"Cfa","Am","Temperate, no dry season, hot summer","Tropical, monsoon","Temperate (humid)","Tropical (humid)"
"icr062201","Didy",4,4,"Topsoil",48.6847,-18.2806,"Cfa","Am","Temperate, no dry season, hot summer","Tropical, monsoon","Temperate (humid)","Tropical (humid)"
"icr062202","Didy",4,4,"Subsoil",48.6847,-18.2806,"Cfa","Am","Temperate, no dry season, hot summer","Tropical, monsoon","Temperate (humid)","Tropical (humid)"
"icr062203","Didy",4,5,"Topsoil",48.688,-18.2833,"Cfa","Am","Temperate, no dry season, hot summer","Tropical, monsoon","Temperate (humid)","Tropical (humid)"
"icr062204","Didy",4,5,"Subsoil",48.688,-18.2833,"Cfa","Am","Temperate, no dry season, hot summer","Tropical, monsoon","Temperate (humid)","Tropical (humid)"
"icr062209","Didy",4,8,"Topsoil",48.6918,-18.2811,"Cfa","Am","Temperate, no dry season, hot summer","Tropical, monsoon","Temperate (humid)","Tropical (humid)"
"icr062210","Didy",4,8,"Subsoil",48.6918,-18.2811,"Cfa","Am","Temperate, no dry season, hot summer","Tropical, monsoon","Temperate (humid)","Tropical (humid)"
"icr062211","Didy",4,9,"Topsoil",48.6881,-18.2798,"Cfa","Am","Temperate, no dry season, hot summer","Tropical, monsoon","Temperate (humid)","Tropical (humid)"
"icr062212","Didy",4,9,"Subsoil",48.6881,-18.2798,"Cfa","Am","Temperate, no dry season, hot summer","Tropical, monsoon","Temperate (humid)","Tropical (humid)"
"icr062213","Didy",4,10,"Topsoil",48.6938,-18.2774,"Cfa","Am","Temperate, no dry season, hot summer","Tropical, monsoon","Temperate (humid)","Tropical (humid)"
"icr062214","Didy",4,10,"Subsoil",48.6938,-18.2774,"Cfa","Am","Temperate, no dry season, hot summer","Tropical, monsoon","Temperate (humid)","Tropical (humid)"
"icr062219","Didy",5,3,"Topsoil",48.7164,-18.3374,"Cfa","Am","Temperate, no dry season, hot summer","Tropical, monsoon","Temperate (humid)","Tropical (humid)"
"icr062220","Didy",5,3,"Subsoil",48.7164,-18.3374,"Cfa","Am","Temperate, no dry season, hot summer","Tropical, monsoon","Temperate (humid)","Tropical (humid)"
"icr062227","Didy",5,7,"Topsoil",48.7087,-18.3377,"Cfa","Am","Temperate, no dry season, hot summer","Tropical, monsoon","Temperate (humid)","Tropical (humid)"
"icr062228","Didy",5,7,"Subsoil",48.7087,-18.3377,"Cfa","Am","Temperate, no dry season, hot summer","Tropical, monsoon","Temperate (humid)","Tropical (humid)"
"icr062237","Didy",6,2,"Topsoil",48.7092,-18.3233,"Cfa","Am","Temperate, no dry season, hot summer","Tropical, monsoon","Temperate (humid)","Tropical (humid)"
"icr062238","Didy",6,2,"Subsoil",48.7092,-18.3233,"Cfa","Am","Temperate, no dry season, hot summer","Tropical, monsoon","Temperate (humid)","Tropical (humid)"
"icr062241","Didy",6,4,"Topsoil",48.7156,-18.3228,"Cfa","Am","Temperate, no dry season, hot summer","Tropical, monsoon","Temperate (humid)","Tropical (humid)"
"icr062242","Didy",6,4,"Subsoil",48.7156,-18.3228,"Cfa","Am","Temperate, no dry season, hot summer","Tropical, monsoon","Temperate (humid)","Tropical (humid)"
"icr062243","Didy",6,5,"Topsoil",48.7144,-18.3216,"Cfa","Am","Temperate, no dry season, hot summer","Tropical, monsoon","Temperate (humid)","Tropical (humid)"
"icr062244","Didy",6,5,"Subsoil",48.7144,-18.3216,"Cfa","Am","Temperate, no dry season, hot summer","Tropical, monsoon","Temperate (humid)","Tropical (humid)"
"icr062247","Didy",6,7,"Topsoil",48.7119,-18.317,"Cfa","Am","Temperate, no dry season, hot summer","Tropical, monsoon","Temperate (humid)","Tropical (humid)"
"icr062248","Didy",6,7,"Subsoil",48.7119,-18.317,"Cfa","Am","Temperate, no dry season, hot summer","Tropical, monsoon","Temperate (humid)","Tropical (humid)"
"icr062249","Didy",6,8,"Topsoil",48.7139,-18.3219,"Cfa","Am","Temperate, no dry season, hot summer","Tropical, monsoon","Temperate (humid)","Tropical (humid)"
"icr062250","Didy",6,8,"Subsoil",48.7139,-18.3219,"Cfa","Am","Temperate, no dry season, hot summer","Tropical, monsoon","Temperate (humid)","Tropical (humid)"
"icr062251","Didy",6,9,"Topsoil",48.7118,-18.3216,"Cfa","Am","Temperate, no dry season, hot summer","Tropical, monsoon","Temperate (humid)","Tropical (humid)"
"icr062252","Didy",6,9,"Subsoil",48.7118,-18.3216,"Cfa","Am","Temperate, no dry season, hot summer","Tropical, monsoon","Temperate (humid)","Tropical (humid)"
"icr062253","Didy",6,10,"Topsoil",48.7157,-18.318,"Cfa","Am","Temperate, no dry season, hot summer","Tropical, monsoon","Temperate (humid)","Tropical (humid)"
"icr062254","Didy",6,10,"Subsoil",48.7157,-18.318,"Cfa","Am","Temperate, no dry season, hot summer","Tropical, monsoon","Temperate (humid)","Tropical (humid)"
"icr062259","Didy",7,3,"Topsoil",48.7147,-18.2955,"Cfa","Am","Temperate, no dry season, hot summer","Tropical, monsoon","Temperate (humid)","Tropical (humid)"
"icr062260","Didy",7,3,"Subsoil",48.7147,-18.2955,"Cfa","Am","Temperate, no dry season, hot summer","Tropical, monsoon","Temperate (humid)","Tropical (humid)"
"icr062261","Didy",7,4,"Topsoil",48.7112,-18.2946,"Cfa","Am","Temperate, no dry season, hot summer","Tropical, monsoon","Temperate (humid)","Tropical (humid)"
"icr062262","Didy",7,4,"Subsoil",48.7112,-18.2946,"Cfa","Am","Temperate, no dry season, hot summer","Tropical, monsoon","Temperate (humid)","Tropical (humid)"
"icr062263","Didy",7,5,"Topsoil",48.7105,-18.2959,"Cfa","Am","Temperate, no dry season, hot summer","Tropical, monsoon","Temperate (humid)","Tropical (humid)"
"icr062264","Didy",7,5,"Subsoil",48.7105,-18.2959,"Cfa","Am","Temperate, no dry season, hot summer","Tropical, monsoon","Temperate (humid)","Tropical (humid)"
"icr062265","Didy",7,6,"Topsoil",48.7069,-18.2948,"Cfa","Am","Temperate, no dry season, hot summer","Tropical, monsoon","Temperate (humid)","Tropical (humid)"
"icr062266","Didy",7,6,"Subsoil",48.7069,-18.2948,"Cfa","Am","Temperate, no dry season, hot summer","Tropical, monsoon","Temperate (humid)","Tropical (humid)"
"icr062281","Didy",8,5,"Topsoil",48.7098,-18.2787,"Cfa","Am","Temperate, no dry season, hot summer","Tropical, monsoon","Temperate (humid)","Tropical (humid)"
"icr062282","Didy",8,5,"Subsoil",48.7098,-18.2787,"Cfa","Am","Temperate, no dry season, hot summer","Tropical, monsoon","Temperate (humid)","Tropical (humid)"
"icr062287","Didy",8,8,"Topsoil",48.711,-18.2751,"Cfa","Am","Temperate, no dry season, hot summer","Tropical, monsoon","Temperate (humid)","Tropical (humid)"
"icr062288","Didy",8,8,"Subsoil",48.711,-18.2751,"Cfa","Am","Temperate, no dry season, hot summer","Tropical, monsoon","Temperate (humid)","Tropical (humid)"
"icr062294","Didy",9,1,"Topsoil",48.7392,-18.349,"Cfa","Am","Temperate, no dry season, hot summer","Tropical, monsoon","Temperate (humid)","Tropical (humid)"
"icr062295","Didy",9,1,"Subsoil",48.7392,-18.349,"Cfa","Am","Temperate, no dry season, hot summer","Tropical, monsoon","Temperate (humid)","Tropical (humid)"
"icr062296","Didy",9,2,"Topsoil",48.7347,-18.3434,"Cfa","Am","Temperate, no dry season, hot summer","Tropical, monsoon","Temperate (humid)","Tropical (humid)"
"icr062297","Didy",9,2,"Subsoil",48.7347,-18.3434,"Cfa","Am","Temperate, no dry season, hot summer","Tropical, monsoon","Temperate (humid)","Tropical (humid)"
"icr062298","Didy",9,3,"Topsoil",48.7403,-18.3477,"Cfa","Am","Temperate, no dry season, hot summer","Tropical, monsoon","Temperate (humid)","Tropical (humid)"
"icr062299","Didy",9,3,"Subsoil",48.7403,-18.3477,"Cfa","Am","Temperate, no dry season, hot summer","Tropical, monsoon","Temperate (humid)","Tropical (humid)"
"icr062302","Didy",9,5,"Topsoil",48.7331,-18.3427,"Cfa","Am","Temperate, no dry season, hot summer","Tropical, monsoon","Temperate (humid)","Tropical (humid)"
"icr062303","Didy",9,5,"Subsoil",48.7331,-18.3427,"Cfa","Am","Temperate, no dry season, hot summer","Tropical, monsoon","Temperate (humid)","Tropical (humid)"
"icr062306","Didy",9,7,"Topsoil",48.7353,-18.3491,"Cfa","Am","Temperate, no dry season, hot summer","Tropical, monsoon","Temperate (humid)","Tropical (humid)"
"icr062307","Didy",9,7,"Subsoil",48.7353,-18.3491,"Cfa","Am","Temperate, no dry season, hot summer","Tropical, monsoon","Temperate (humid)","Tropical (humid)"
"icr062308","Didy",9,8,"Topsoil",48.7346,-18.3483,"Cfa","Am","Temperate, no dry season, hot summer","Tropical, monsoon","Temperate (humid)","Tropical (humid)"
"icr062309","Didy",9,8,"Subsoil",48.7346,-18.3483,"Cfa","Am","Temperate, no dry season, hot summer","Tropical, monsoon","Temperate (humid)","Tropical (humid)"
"icr062312","Didy",9,10,"Topsoil",48.7391,-18.3409,"Cfa","Am","Temperate, no dry season, hot summer","Tropical, monsoon","Temperate (humid)","Tropical (humid)"
"icr062313","Didy",9,10,"Subsoil",48.7391,-18.3409,"Cfa","Am","Temperate, no dry season, hot summer","Tropical, monsoon","Temperate (humid)","Tropical (humid)"
"icr062316","Didy",10,2,"Topsoil",48.7354,-18.32,"Cfa","Am","Temperate, no dry season, hot summer","Tropical, monsoon","Temperate (humid)","Tropical (humid)"
"icr062317","Didy",10,2,"Subsoil",48.7354,-18.32,"Cfa","Am","Temperate, no dry season, hot summer","Tropical, monsoon","Temperate (humid)","Tropical (humid)"
"icr062318","Didy",10,3,"Topsoil",48.7376,-18.3213,"Cfa","Am","Temperate, no dry season, hot summer","Tropical, monsoon","Temperate (humid)","Tropical (humid)"
"icr062319","Didy",10,3,"Subsoil",48.7376,-18.3213,"Cfa","Am","Temperate, no dry season, hot summer","Tropical, monsoon","Temperate (humid)","Tropical (humid)"
"icr062320","Didy",10,7,"Topsoil",48.738,-18.3232,"Cfa","Am","Temperate, no dry season, hot summer","Tropical, monsoon","Temperate (humid)","Tropical (humid)"
"icr062321","Didy",10,7,"Subsoil",48.738,-18.3232,"Cfa","Am","Temperate, no dry season, hot summer","Tropical, monsoon","Temperate (humid)","Tropical (humid)"
"icr062322","Didy",10,8,"Topsoil",48.7375,-18.3185,"Cfa","Am","Temperate, no dry season, hot summer","Tropical, monsoon","Temperate (humid)","Tropical (humid)"
"icr062323","Didy",10,8,"Subsoil",48.7375,-18.3185,"Cfa","Am","Temperate, no dry season, hot summer","Tropical, monsoon","Temperate (humid)","Tropical (humid)"
"icr062324","Didy",10,9,"Topsoil",48.7358,-18.3188,"Cfa","Am","Temperate, no dry season, hot summer","Tropical, monsoon","Temperate (humid)","Tropical (humid)"
"icr062325","Didy",10,9,"Subsoil",48.7358,-18.3188,"Cfa","Am","Temperate, no dry season, hot summer","Tropical, monsoon","Temperate (humid)","Tropical (humid)"
"icr062336","Didy",11,2,"Topsoil",48.7418,-18.297,"Cfa","Am","Temperate, no dry season, hot summer","Tropical, monsoon","Temperate (humid)","Tropical (humid)"
"icr062337","Didy",11,2,"Subsoil",48.7418,-18.297,"Cfa","Am","Temperate, no dry season, hot summer","Tropical, monsoon","Temperate (humid)","Tropical (humid)"
"icr062339","Didy",11,4,"Topsoil",48.7365,-18.2977,"Cfa","Am","Temperate, no dry season, hot summer","Tropical, monsoon","Temperate (humid)","Tropical (humid)"
"icr062340","Didy",11,4,"Subsoil",48.7365,-18.2977,"Cfa","Am","Temperate, no dry season, hot summer","Tropical, monsoon","Temperate (humid)","Tropical (humid)"
"icr062351","Didy",11,10,"Topsoil",48.736,-18.3009,"Cfa","Am","Temperate, no dry season, hot summer","Tropical, monsoon","Temperate (humid)","Tropical (humid)"
"icr062352","Didy",11,10,"Subsoil",48.736,-18.3009,"Cfa","Am","Temperate, no dry season, hot summer","Tropical, monsoon","Temperate (humid)","Tropical (humid)"
"icr062353","Didy",12,1,"Topsoil",48.7363,-18.2763,"Cfa","Am","Temperate, no dry season, hot summer","Tropical, monsoon","Temperate (humid)","Tropical (humid)"
"icr062354","Didy",12,1,"Subsoil",48.7363,-18.2763,"Cfa","Am","Temperate, no dry season, hot summer","Tropical, monsoon","Temperate (humid)","Tropical (humid)"
"icr062355","Didy",12,2,"Topsoil",48.7349,-18.2724,"Cfa","Am","Temperate, no dry season, hot summer","Tropical, monsoon","Temperate (humid)","Tropical (humid)"
"icr062356","Didy",12,2,"Subsoil",48.7349,-18.2724,"Cfa","Am","Temperate, no dry season, hot summer","Tropical, monsoon","Temperate (humid)","Tropical (humid)"
"icr062357","Didy",12,3,"Topsoil",48.7321,-18.2748,"Cfa","Am","Temperate, no dry season, hot summer","Tropical, monsoon","Temperate (humid)","Tropical (humid)"
"icr062358","Didy",12,3,"Subsoil",48.7321,-18.2748,"Cfa","Am","Temperate, no dry season, hot summer","Tropical, monsoon","Temperate (humid)","Tropical (humid)"
"icr062359","Didy",12,4,"Topsoil",48.7372,-18.2749,"Cfa","Am","Temperate, no dry season, hot summer","Tropical, monsoon","Temperate (humid)","Tropical (humid)"
"icr062360","Didy",12,4,"Subsoil",48.7372,-18.2749,"Cfa","Am","Temperate, no dry season, hot summer","Tropical, monsoon","Temperate (humid)","Tropical (humid)"
"icr062365","Didy",12,7,"Topsoil",48.7338,-18.2715,"Cfa","Am","Temperate, no dry season, hot summer","Tropical, monsoon","Temperate (humid)","Tropical (humid)"
"icr062366","Didy",12,7,"Subsoil",48.7338,-18.2715,"Cfa","Am","Temperate, no dry season, hot summer","Tropical, monsoon","Temperate (humid)","Tropical (humid)"
"icr062369","Didy",12,9,"Topsoil",48.7336,-18.2716,"Cfa","Am","Temperate, no dry season, hot summer","Tropical, monsoon","Temperate (humid)","Tropical (humid)"
"icr062370","Didy",12,9,"Subsoil",48.7336,-18.2716,"Cfa","Am","Temperate, no dry season, hot summer","Tropical, monsoon","Temperate (humid)","Tropical (humid)"
"icr062381","Didy",13,5,"Topsoil",48.7638,-18.3392,"Cfa","Am","Temperate, no dry season, hot summer","Tropical, monsoon","Temperate (humid)","Tropical (humid)"
"icr062382","Didy",13,5,"Subsoil",48.7638,-18.3392,"Cfa","Am","Temperate, no dry season, hot summer","Tropical, monsoon","Temperate (humid)","Tropical (humid)"
"icr062383","Didy",13,6,"Topsoil",48.7624,-18.338,"Cfa","Am","Temperate, no dry season, hot summer","Tropical, monsoon","Temperate (humid)","Tropical (humid)"
"icr062384","Didy",13,6,"Subsoil",48.7624,-18.338,"Cfa","Am","Temperate, no dry season, hot summer","Tropical, monsoon","Temperate (humid)","Tropical (humid)"
"icr062387","Didy",13,8,"Topsoil",48.7613,-18.3395,"Cfa","Am","Temperate, no dry season, hot summer","Tropical, monsoon","Temperate (humid)","Tropical (humid)"
"icr062388","Didy",13,8,"Subsoil",48.7613,-18.3395,"Cfa","Am","Temperate, no dry season, hot summer","Tropical, monsoon","Temperate (humid)","Tropical (humid)"
"icr062391","Didy",13,10,"Topsoil",48.7611,-18.3433,"Cfa","Am","Temperate, no dry season, hot summer","Tropical, monsoon","Temperate (humid)","Tropical (humid)"
"icr062392","Didy",13,10,"Subsoil",48.7611,-18.3433,"Cfa","Am","Temperate, no dry season, hot summer","Tropical, monsoon","Temperate (humid)","Tropical (humid)"
"icr062393","Didy",14,1,"Topsoil",48.7623,-18.3122,"Cfa","Am","Temperate, no dry season, hot summer","Tropical, monsoon","Temperate (humid)","Tropical (humid)"
"icr062394","Didy",14,1,"Subsoil",48.7623,-18.3122,"Cfa","Am","Temperate, no dry season, hot summer","Tropical, monsoon","Temperate (humid)","Tropical (humid)"
"icr062399","Didy",14,4,"Topsoil",48.7582,-18.3182,"Cfa","Am","Temperate, no dry season, hot summer","Tropical, monsoon","Temperate (humid)","Tropical (humid)"
"icr062400","Didy",14,4,"Subsoil",48.7582,-18.3182,"Cfa","Am","Temperate, no dry season, hot summer","Tropical, monsoon","Temperate (humid)","Tropical (humid)"
"icr062403","Didy",14,6,"Topsoil",48.7584,-18.3086,"Cfa","Am","Temperate, no dry season, hot summer","Tropical, monsoon","Temperate (humid)","Tropical (humid)"
"icr062404","Didy",14,6,"Subsoil",48.7584,-18.3086,"Cfa","Am","Temperate, no dry season, hot summer","Tropical, monsoon","Temperate (humid)","Tropical (humid)"
"icr062405","Didy",14,7,"Topsoil",48.7611,-18.3128,"Cfa","Am","Temperate, no dry season, hot summer","Tropical, monsoon","Temperate (humid)","Tropical (humid)"
"icr062406","Didy",14,7,"Subsoil",48.7611,-18.3128,"Cfa","Am","Temperate, no dry season, hot summer","Tropical, monsoon","Temperate (humid)","Tropical (humid)"
"icr062407","Didy",14,8,"Topsoil",48.7602,-18.3164,"Cfa","Am","Temperate, no dry season, hot summer","Tropical, monsoon","Temperate (humid)","Tropical (humid)"
"icr062408","Didy",14,8,"Subsoil",48.7602,-18.3164,"Cfa","Am","Temperate, no dry season, hot summer","Tropical, monsoon","Temperate (humid)","Tropical (humid)"
"icr062409","Didy",14,9,"Topsoil",48.7614,-18.3162,"Cfa","Am","Temperate, no dry season, hot summer","Tropical, monsoon","Temperate (humid)","Tropical (humid)"
"icr062410","Didy",14,9,"Subsoil",48.7614,-18.3162,"Cfa","Am","Temperate, no dry season, hot summer","Tropical, monsoon","Temperate (humid)","Tropical (humid)"
"icr062411","Didy",14,10,"Topsoil",48.7614,-18.3125,"Cfa","Am","Temperate, no dry season, hot summer","Tropical, monsoon","Temperate (humid)","Tropical (humid)"
"icr062412","Didy",14,10,"Subsoil",48.7614,-18.3125,"Cfa","Am","Temperate, no dry season, hot summer","Tropical, monsoon","Temperate (humid)","Tropical (humid)"
"icr062415","Didy",15,2,"Topsoil",48.7488,-18.3018,"Cfa","Am","Temperate, no dry season, hot summer","Tropical, monsoon","Temperate (humid)","Tropical (humid)"
"icr062416","Didy",15,2,"Subsoil",48.7488,-18.3018,"Cfa","Am","Temperate, no dry season, hot summer","Tropical, monsoon","Temperate (humid)","Tropical (humid)"
"icr062417","Didy",15,3,"Topsoil",48.7572,-18.3024,"Cfa","Am","Temperate, no dry season, hot summer","Tropical, monsoon","Temperate (humid)","Tropical (humid)"
"icr062418","Didy",15,3,"Subsoil",48.7572,-18.3024,"Cfa","Am","Temperate, no dry season, hot summer","Tropical, monsoon","Temperate (humid)","Tropical (humid)"
"icr062421","Didy",15,5,"Topsoil",48.7573,-18.303,"Cfa","Am","Temperate, no dry season, hot summer","Tropical, monsoon","Temperate (humid)","Tropical (humid)"
"icr062422","Didy",15,5,"Subsoil",48.7573,-18.303,"Cfa","Am","Temperate, no dry season, hot summer","Tropical, monsoon","Temperate (humid)","Tropical (humid)"
"icr062427","Didy",15,8,"Topsoil",48.7506,-18.2992,"Cfa","Am","Temperate, no dry season, hot summer","Tropical, monsoon","Temperate (humid)","Tropical (humid)"
"icr062428","Didy",15,8,"Subsoil",48.7506,-18.2992,"Cfa","Am","Temperate, no dry season, hot summer","Tropical, monsoon","Temperate (humid)","Tropical (humid)"
"icr062431","Didy",15,10,"Topsoil",48.7535,-18.2949,"Cfa","Am","Temperate, no dry season, hot summer","Tropical, monsoon","Temperate (humid)","Tropical (humid)"
"icr062432","Didy",15,10,"Subsoil",48.7535,-18.2949,"Cfa","Am","Temperate, no dry season, hot summer","Tropical, monsoon","Temperate (humid)","Tropical (humid)"
"icr062435","Didy",16,2,"Topsoil",48.7581,-18.2736,"Cfa","Am","Temperate, no dry season, hot summer","Tropical, monsoon","Temperate (humid)","Tropical (humid)"
"icr062436","Didy",16,2,"Subsoil",48.7581,-18.2736,"Cfa","Am","Temperate, no dry season, hot summer","Tropical, monsoon","Temperate (humid)","Tropical (humid)"
"icr062437","Didy",16,3,"Topsoil",48.7558,-18.2809,"Cfa","Am","Temperate, no dry season, hot summer","Tropical, monsoon","Temperate (humid)","Tropical (humid)"
"icr062438","Didy",16,3,"Subsoil",48.7558,-18.2809,"Cfa","Am","Temperate, no dry season, hot summer","Tropical, monsoon","Temperate (humid)","Tropical (humid)"
"icr062439","Didy",16,4,"Topsoil",48.7579,-18.2813,"Cfa","Am","Temperate, no dry season, hot summer","Tropical, monsoon","Temperate (humid)","Tropical (humid)"
"icr062440","Didy",16,4,"Subsoil",48.7579,-18.2813,"Cfa","Am","Temperate, no dry season, hot summer","Tropical, monsoon","Temperate (humid)","Tropical (humid)"
"icr062443","Didy",16,7,"Topsoil",48.763,-18.2765,"Cfa","Am","Temperate, no dry season, hot summer","Tropical, monsoon","Temperate (humid)","Tropical (humid)"
"icr062444","Didy",16,7,"Subsoil",48.763,-18.2765,"Cfa","Am","Temperate, no dry season, hot summer","Tropical, monsoon","Temperate (humid)","Tropical (humid)"
"icr062451","Didy",16,11,"Topsoil",48.763,-18.2754,"Cfa","Am","Temperate, no dry season, hot summer","Tropical, monsoon","Temperate (humid)","Tropical (humid)"
"icr062452","Didy",16,11,"Subsoil",48.763,-18.2754,"Cfa","Am","Temperate, no dry season, hot summer","Tropical, monsoon","Temperate (humid)","Tropical (humid)"
"icr068131","Nyalagari",2,7,"Topsoil",1.735128333,13.393575,"BSh","BSh","Arid, steppe, hot","Arid, steppe, hot","Arid","Arid"
"icr068132","Nyalagari",2,7,"Subsoil",1.735128333,13.393575,"BSh","BSh","Arid, steppe, hot","Arid, steppe, hot","Arid","Arid"
"icr068149","Nyalagari",3,6,"Topsoil",1.731593333,13.418405,"BSh","BSh","Arid, steppe, hot","Arid, steppe, hot","Arid","Arid"
"icr068150","Nyalagari",3,6,"Subsoil",1.731593333,13.418405,"BSh","BSh","Arid, steppe, hot","Arid, steppe, hot","Arid","Arid"
"icr068161","Nyalagari",4,2,"Topsoil",1.738738333,13.43555333,"BSh","BSh","Arid, steppe, hot","Arid, steppe, hot","Arid","Arid"
"icr068162","Nyalagari",4,2,"Subsoil",1.738738333,13.43555333,"BSh","BSh","Arid, steppe, hot","Arid, steppe, hot","Arid","Arid"
"icr068221","Nyalagari",7,2,"Topsoil",1.754711667,13.41339833,"BSh","BSh","Arid, steppe, hot","Arid, steppe, hot","Arid","Arid"
"icr068222","Nyalagari",7,2,"Subsoil",1.754711667,13.41339833,"BSh","BSh","Arid, steppe, hot","Arid, steppe, hot","Arid","Arid"
"icr068279","Nyalagari",10,1,"Topsoil",1.77919,13.38991667,"BSh","BSh","Arid, steppe, hot","Arid, steppe, hot","Arid","Arid"
"icr068280","Nyalagari",10,1,"Subsoil",1.77919,13.38991667,"BSh","BSh","Arid, steppe, hot","Arid, steppe, hot","Arid","Arid"
"icr068321","Nyalagari",12,2,"Topsoil",1.777961667,13.43786,"BSh","BSh","Arid, steppe, hot","Arid, steppe, hot","Arid","Arid"
"icr068322","Nyalagari",12,2,"Subsoil",1.777961667,13.43786,"BSh","BSh","Arid, steppe, hot","Arid, steppe, hot","Arid","Arid"
"icr068339","Nyalagari",13,1,"Topsoil",1.804516667,13.37199833,"BSh","BSh","Arid, steppe, hot","Arid, steppe, hot","Arid","Arid"
"icr068340","Nyalagari",13,1,"Subsoil",1.804516667,13.37199833,"BSh","BSh","Arid, steppe, hot","Arid, steppe, hot","Arid","Arid"
"icr068361","Nyalagari",14,2,"Topsoil",1.798298333,13.38568167,"BSh","BSh","Arid, steppe, hot","Arid, steppe, hot","Arid","Arid"
"icr068362","Nyalagari",14,2,"Subsoil",1.798298333,13.38568167,"BSh","BSh","Arid, steppe, hot","Arid, steppe, hot","Arid","Arid"
"icr068381","Nyalagari",15,2,"Topsoil",1.802671667,13.404805,"BSh","BSh","Arid, steppe, hot","Arid, steppe, hot","Arid","Arid"
"icr068382","Nyalagari",15,2,"Subsoil",1.802671667,13.404805,"BSh","BSh","Arid, steppe, hot","Arid, steppe, hot","Arid","Arid"
"icr068399","Nyalagari",16,1,"Topsoil",1.799123333,13.43122,"BSh","BSh","Arid, steppe, hot","Arid, steppe, hot","Arid","Arid"
"icr068400","Nyalagari",16,1,"Subsoil",1.799123333,13.43122,"BSh","BSh","Arid, steppe, hot","Arid, steppe, hot","Arid","Arid"
"icr068419","Pampaida",1,3,"Topsoil",8.123596667,11.28078,"Aw","Aw","Tropical, savannah","Tropical, savannah","Tropical (seasonal)","Tropical (seasonal)"
"icr068420","Pampaida",1,3,"Subsoil",8.123596667,11.28078,"Aw","Aw","Tropical, savannah","Tropical, savannah","Tropical (seasonal)","Tropical (seasonal)"
"icr068499","Pampaida",5,1,"Topsoil",8.145926667,11.29146167,"Aw","Aw","Tropical, savannah","Tropical, savannah","Tropical (seasonal)","Tropical (seasonal)"
"icr068500","Pampaida",5,1,"Subsoil",8.145926667,11.29146167,"Aw","Aw","Tropical, savannah","Tropical, savannah","Tropical (seasonal)","Tropical (seasonal)"
"icr068521","Pampaida",6,2,"Topsoil",8.148253333,11.31266,"Aw","Aw","Tropical, savannah","Tropical, savannah","Tropical (seasonal)","Tropical (seasonal)"
"icr068522","Pampaida",6,2,"Subsoil",8.148253333,11.31266,"Aw","Aw","Tropical, savannah","Tropical, savannah","Tropical (seasonal)","Tropical (seasonal)"
"icr068539","Pampaida",7,1,"Topsoil",8.150375,11.33524167,"Aw","Aw","Tropical, savannah","Tropical, savannah","Tropical (seasonal)","Tropical (seasonal)"
"icr068540","Pampaida",7,1,"Subsoil",8.150375,11.33524167,"Aw","Aw","Tropical, savannah","Tropical, savannah","Tropical (seasonal)","Tropical (seasonal)"
"icr068579","Pampaida",9,1,"Topsoil",8.166768333,11.28065833,"Aw","Aw","Tropical, savannah","Tropical, savannah","Tropical (seasonal)","Tropical (seasonal)"
"icr068580","Pampaida",9,1,"Subsoil",8.166768333,11.28065833,"Aw","Aw","Tropical, savannah","Tropical, savannah","Tropical (seasonal)","Tropical (seasonal)"
"icr068677","Pampaida",14,1,"Topsoil",8.19152,11.30931667,"Aw","Aw","Tropical, savannah","Tropical, savannah","Tropical (seasonal)","Tropical (seasonal)"
"icr068678","Pampaida",14,1,"Subsoil",8.19152,11.30931667,"Aw","Aw","Tropical, savannah","Tropical, savannah","Tropical (seasonal)","Tropical (seasonal)"
"icr068717","Pampaida",16,1,"Topsoil",8.194856667,11.34667,"Aw","Aw","Tropical, savannah","Tropical, savannah","Tropical (seasonal)","Tropical (seasonal)"
"icr068718","Pampaida",16,1,"Subsoil",8.194856667,11.34667,"Aw","Aw","Tropical, savannah","Tropical, savannah","Tropical (seasonal)","Tropical (seasonal)"
"icr070124","Kutigi",2,2,"Topsoil",5.671851667,9.191568333,"Aw","Aw","Tropical, savannah","Tropical, savannah","Tropical (seasonal)","Tropical (seasonal)"
"icr070125","Kutigi",2,2,"Subsoil",5.671851667,9.191568333,"Aw","Aw","Tropical, savannah","Tropical, savannah","Tropical (seasonal)","Tropical (seasonal)"
"icr070262","Kutigi",9,4,"Topsoil",5.711345,9.17576,"Aw","Aw","Tropical, savannah","Tropical, savannah","Tropical (seasonal)","Tropical (seasonal)"
"icr070263","Kutigi",9,4,"Subsoil",5.711345,9.17576,"Aw","Aw","Tropical, savannah","Tropical, savannah","Tropical (seasonal)","Tropical (seasonal)"
"icr070370","Kutigi",15,3,"Topsoil",5.73423,9.217246667,"Aw","Aw","Tropical, savannah","Tropical, savannah","Tropical (seasonal)","Tropical (seasonal)"
"icr070371","Kutigi",15,3,"Subsoil",5.73423,9.217246667,"Aw","Aw","Tropical, savannah","Tropical, savannah","Tropical (seasonal)","Tropical (seasonal)"
"icr072246","Sanza Pompo",1,1,"Topsoil",15.68749167,-7.37775,"Aw","Aw","Tropical, savannah","Tropical, savannah","Tropical (seasonal)","Tropical (seasonal)"
"icr072247","Sanza Pompo",1,1,"Subsoil",15.68749167,-7.37775,"Aw","Aw","Tropical, savannah","Tropical, savannah","Tropical (seasonal)","Tropical (seasonal)"
"icr072286","Sanza Pompo",3,1,"Topsoil",15.687965,-7.331673333,"Aw","Aw","Tropical, savannah","Tropical, savannah","Tropical (seasonal)","Tropical (seasonal)"
"icr072287","Sanza Pompo",3,1,"Subsoil",15.687965,-7.331673333,"Aw","Aw","Tropical, savannah","Tropical, savannah","Tropical (seasonal)","Tropical (seasonal)"
"icr072365","Sanza Pompo",7,1,"Topsoil",15.71909667,-7.340811667,"Aw","Aw","Tropical, savannah","Tropical, savannah","Tropical (seasonal)","Tropical (seasonal)"
"icr072366","Sanza Pompo",7,1,"Subsoil",15.71909667,-7.340811667,"Aw","Aw","Tropical, savannah","Tropical, savannah","Tropical (seasonal)","Tropical (seasonal)"
"icr072425","Sanza Pompo",10,1,"Topsoil",15.73790167,-7.361311667,"Aw","Aw","Tropical, savannah","Tropical, savannah","Tropical (seasonal)","Tropical (seasonal)"
"icr072426","Sanza Pompo",10,1,"Subsoil",15.73790167,-7.361311667,"Aw","Aw","Tropical, savannah","Tropical, savannah","Tropical (seasonal)","Tropical (seasonal)"
"icr072596","Mucope",1,1,"Topsoil",14.883505,-16.26941333,"BSh","BSh","Arid, steppe, hot","Arid, steppe, hot","Arid","Arid"
"icr072597","Mucope",1,1,"Subsoil",14.883505,-16.26941333,"BSh","BSh","Arid, steppe, hot","Arid, steppe, hot","Arid","Arid"
"icr072716","Mucope",7,1,"Topsoil",14.89889,-16.225095,"BSh","BSh","Arid, steppe, hot","Arid, steppe, hot","Arid","Arid"
"icr072717","Mucope",7,1,"Subsoil",14.89889,-16.225095,"BSh","BSh","Arid, steppe, hot","Arid, steppe, hot","Arid","Arid"
"icr072756","Mucope",9,1,"Topsoil",14.930115,-16.26354667,"BSh","BSh","Arid, steppe, hot","Arid, steppe, hot","Arid","Arid"
"icr072757","Mucope",9,1,"Subsoil",14.930115,-16.26354667,"BSh","BSh","Arid, steppe, hot","Arid, steppe, hot","Arid","Arid"
"icr072816","Mucope",12,1,"Topsoil",14.92257333,-16.203565,"BSh","BSh","Arid, steppe, hot","Arid, steppe, hot","Arid","Arid"
"icr072817","Mucope",12,1,"Subsoil",14.92257333,-16.203565,"BSh","BSh","Arid, steppe, hot","Arid, steppe, hot","Arid","Arid"
"icr072836","Mucope",13,1,"Topsoil",14.958435,-16.268775,"BSh","BSh","Arid, steppe, hot","Arid, steppe, hot","Arid","Arid"
"icr072837","Mucope",13,1,"Subsoil",14.958435,-16.268775,"BSh","BSh","Arid, steppe, hot","Arid, steppe, hot","Arid","Arid"
"icr072896","Mucope",16,1,"Topsoil",14.95128667,-16.20006,"BSh","BSh","Arid, steppe, hot","Arid, steppe, hot","Arid","Arid"
"icr072897","Mucope",16,1,"Subsoil",14.95128667,-16.20006,"BSh","BSh","Arid, steppe, hot","Arid, steppe, hot","Arid","Arid"
"icr072968","Bimbe",2,1,"Topsoil",15.87774167,-11.75044833,"Cwb","Aw","Temperate, dry winter, warm summer","Tropical, savannah","Temperate (seasonal)","Tropical (seasonal)"
"icr072969","Bimbe",2,1,"Subsoil",15.87774167,-11.75044833,"Cwb","Aw","Temperate, dry winter, warm summer","Tropical, savannah","Temperate (seasonal)","Tropical (seasonal)"
"icr073068","Bimbe",7,1,"Topsoil",15.90537,-11.72861167,"Cwb","Aw","Temperate, dry winter, warm summer","Tropical, savannah","Temperate (seasonal)","Tropical (seasonal)"
"icr073069","Bimbe",7,1,"Subsoil",15.90537,-11.72861167,"Cwb","Aw","Temperate, dry winter, warm summer","Tropical, savannah","Temperate (seasonal)","Tropical (seasonal)"
"icr073148","Bimbe",11,1,"Topsoil",15.92955167,-11.72815,"Cwb","Aw","Temperate, dry winter, warm summer","Tropical, savannah","Temperate (seasonal)","Tropical (seasonal)"
"icr073149","Bimbe",11,1,"Subsoil",15.92955167,-11.72815,"Cwb","Aw","Temperate, dry winter, warm summer","Tropical, savannah","Temperate (seasonal)","Tropical (seasonal)"
"icr073168","Bimbe",12,1,"Topsoil",15.92522667,-11.70322333,"Cwb","Aw","Temperate, dry winter, warm summer","Tropical, savannah","Temperate (seasonal)","Tropical (seasonal)"
"icr073169","Bimbe",12,1,"Subsoil",15.92522667,-11.70322333,"Cwb","Aw","Temperate, dry winter, warm summer","Tropical, savannah","Temperate (seasonal)","Tropical (seasonal)"
"icr073228","Bimbe",15,1,"Topsoil",15.94343,-11.72477,"Cwb","Aw","Temperate, dry winter, warm summer","Tropical, savannah","Temperate (seasonal)","Tropical (seasonal)"
"icr073229","Bimbe",15,1,"Subsoil",15.94343,-11.72477,"Cwb","Aw","Temperate, dry winter, warm summer","Tropical, savannah","Temperate (seasonal)","Tropical (seasonal)"
"icr073300","Luimbale",1,1,"Topsoil",15.14388333,-12.35919,"Cwb","Aw","Temperate, dry winter, warm summer","Tropical, savannah","Temperate (seasonal)","Tropical (seasonal)"
"icr073301","Luimbale",1,1,"Subsoil",15.14388333,-12.35919,"Cwb","Aw","Temperate, dry winter, warm summer","Tropical, savannah","Temperate (seasonal)","Tropical (seasonal)"
"icr073379","Luimbale",5,1,"Topsoil",15.16175667,-12.3554,"Cwb","Aw","Temperate, dry winter, warm summer","Tropical, savannah","Temperate (seasonal)","Tropical (seasonal)"
"icr073380","Luimbale",5,1,"Subsoil",15.16175667,-12.3554,"Cwb","Aw","Temperate, dry winter, warm summer","Tropical, savannah","Temperate (seasonal)","Tropical (seasonal)"
"icr073439","Luimbale",8,1,"Topsoil",15.17505,-12.297935,"Cwb","Aw","Temperate, dry winter, warm summer","Tropical, savannah","Temperate (seasonal)","Tropical (seasonal)"
"icr073440","Luimbale",8,1,"Subsoil",15.17505,-12.297935,"Cwb","Aw","Temperate, dry winter, warm summer","Tropical, savannah","Temperate (seasonal)","Tropical (seasonal)"
"icr073519","Luimbale",12,1,"Topsoil",15.19546833,-12.295335,"Cwb","Aw","Temperate, dry winter, warm summer","Tropical, savannah","Temperate (seasonal)","Tropical (seasonal)"
"icr073520","Luimbale",12,1,"Subsoil",15.19546833,-12.295335,"Cwb","Aw","Temperate, dry winter, warm summer","Tropical, savannah","Temperate (seasonal)","Tropical (seasonal)"
"icr073558","Luimbale",14,1,"Topsoil",15.22182667,-12.32752333,"Cwb","Aw","Temperate, dry winter, warm summer","Tropical, savannah","Temperate (seasonal)","Tropical (seasonal)"
"icr073559","Luimbale",14,1,"Subsoil",15.22182667,-12.32752333,"Cwb","Aw","Temperate, dry winter, warm summer","Tropical, savannah","Temperate (seasonal)","Tropical (seasonal)"
"icr073578","Luimbale",15,1,"Topsoil",15.21382333,-12.31476833,"Cwb","Aw","Temperate, dry winter, warm summer","Tropical, savannah","Temperate (seasonal)","Tropical (seasonal)"
"icr073579","Luimbale",15,1,"Subsoil",15.21382333,-12.31476833,"Cwb","Aw","Temperate, dry winter, warm summer","Tropical, savannah","Temperate (seasonal)","Tropical (seasonal)"
"icr074509","Paje",12,1,"Topsoil",26.4957,-21.7232,"BSh","BWh","Arid, steppe, hot","Arid, desert, hot","Arid","Arid"
"icr074510","Paje",12,1,"Subsoil",26.4957,-21.7232,"BSh","BWh","Arid, steppe, hot","Arid, desert, hot","Arid","Arid"
"icr074691","Gumare",4,1,"Topsoil",22.0128,-19.3495,"BSh","BWh","Arid, steppe, hot","Arid, desert, hot","Arid","Arid"
"icr074692","Gumare",4,1,"Subsoil",22.0128,-19.3495,"BSh","BWh","Arid, steppe, hot","Arid, desert, hot","Arid","Arid"
"icr074731","Gumare",6,1,"Topsoil",22.039,-19.3952,"BSh","BWh","Arid, steppe, hot","Arid, desert, hot","Arid","Arid"
"icr074732","Gumare",6,1,"Subsoil",22.039,-19.3952,"BSh","BWh","Arid, steppe, hot","Arid, desert, hot","Arid","Arid"
"icr075676","Musungwa",1,1,"Topsoil",26.093142,-15.897394,"Cwa","BSh","Temperate, dry winter, hot summer","Arid, steppe, hot","Temperate (seasonal)","Arid"
"icr075677","Musungwa",1,1,"Subsoil",26.093142,-15.897394,"Cwa","BSh","Temperate, dry winter, hot summer","Arid, steppe, hot","Temperate (seasonal)","Arid"
"icr075696","Musungwa",2,1,"Topsoil",26.098539,-15.867407,"Cwa","BSh","Temperate, dry winter, hot summer","Arid, steppe, hot","Temperate (seasonal)","Arid"
"icr075697","Musungwa",2,1,"Subsoil",26.098539,-15.867407,"Cwa","BSh","Temperate, dry winter, hot summer","Arid, steppe, hot","Temperate (seasonal)","Arid"
"icr075756","Musungwa",5,1,"Topsoil",26.115347,-15.896971,"Cwa","BSh","Temperate, dry winter, hot summer","Arid, steppe, hot","Temperate (seasonal)","Arid"
"icr075757","Musungwa",5,1,"Subsoil",26.115347,-15.896971,"Cwa","BSh","Temperate, dry winter, hot summer","Arid, steppe, hot","Temperate (seasonal)","Arid"
"icr075916","Musungwa",13,1,"Topsoil",26.166365,-15.89698167,"Cwa","BSh","Temperate, dry winter, hot summer","Arid, steppe, hot","Temperate (seasonal)","Arid"
"icr075917","Musungwa",13,1,"Subsoil",26.166365,-15.89698167,"Cwa","BSh","Temperate, dry winter, hot summer","Arid, steppe, hot","Temperate (seasonal)","Arid"
"icr076353","Analavory",1,5,"Topsoil",46.640183,-19.025532,"Cwa","Aw","Temperate, dry winter, hot summer","Tropical, savannah","Temperate (seasonal)","Tropical (seasonal)"
"icr076354","Analavory",1,5,"Subsoil",46.640183,-19.025532,"Cwa","Aw","Temperate, dry winter, hot summer","Tropical, savannah","Temperate (seasonal)","Tropical (seasonal)"
"icr076357","Analavory",1,8,"Topsoil",46.640384,-19.023296,"Cwa","Aw","Temperate, dry winter, hot summer","Tropical, savannah","Temperate (seasonal)","Tropical (seasonal)"
"icr076358","Analavory",1,8,"Subsoil",46.640384,-19.023296,"Cwa","Aw","Temperate, dry winter, hot summer","Tropical, savannah","Temperate (seasonal)","Tropical (seasonal)"
"icr076362","Analavory",1,11,"Topsoil",46.634228,-19.02658,"Cwa","Aw","Temperate, dry winter, hot summer","Tropical, savannah","Temperate (seasonal)","Tropical (seasonal)"
"icr076363","Analavory",1,11,"Subsoil",46.634228,-19.02658,"Cwa","Aw","Temperate, dry winter, hot summer","Tropical, savannah","Temperate (seasonal)","Tropical (seasonal)"
"icr076374","Analavory",2,6,"Topsoil",46.629493,-19.003005,"Cwa","Aw","Temperate, dry winter, hot summer","Tropical, savannah","Temperate (seasonal)","Tropical (seasonal)"
"icr076375","Analavory",2,6,"Subsoil",46.629493,-19.003005,"Cwa","Aw","Temperate, dry winter, hot summer","Tropical, savannah","Temperate (seasonal)","Tropical (seasonal)"
"icr076386","Analavory",3,2,"Topsoil",46.634883,-18.980252,"Cwa","Aw","Temperate, dry winter, hot summer","Tropical, savannah","Temperate (seasonal)","Tropical (seasonal)"
"icr076387","Analavory",3,2,"Subsoil",46.634883,-18.980252,"Cwa","Aw","Temperate, dry winter, hot summer","Tropical, savannah","Temperate (seasonal)","Tropical (seasonal)"
"icr076406","Analavory",4,2,"Topsoil",46.639697,-18.95421,"Cwa","Aw","Temperate, dry winter, hot summer","Tropical, savannah","Temperate (seasonal)","Tropical (seasonal)"
"icr076407","Analavory",4,2,"Subsoil",46.639697,-18.95421,"Cwa","Aw","Temperate, dry winter, hot summer","Tropical, savannah","Temperate (seasonal)","Tropical (seasonal)"
"icr076418","Analavory",4,8,"Topsoil",46.63595,-18.962023,"Cwa","Aw","Temperate, dry winter, hot summer","Tropical, savannah","Temperate (seasonal)","Tropical (seasonal)"
"icr076419","Analavory",4,8,"Subsoil",46.63595,-18.962023,"Cwa","Aw","Temperate, dry winter, hot summer","Tropical, savannah","Temperate (seasonal)","Tropical (seasonal)"
"icr076422","Analavory",4,10,"Topsoil",46.632403,-18.957634,"Cwa","Aw","Temperate, dry winter, hot summer","Tropical, savannah","Temperate (seasonal)","Tropical (seasonal)"
"icr076423","Analavory",4,10,"Subsoil",46.632403,-18.957634,"Cwa","Aw","Temperate, dry winter, hot summer","Tropical, savannah","Temperate (seasonal)","Tropical (seasonal)"
"icr076446","Analavory",6,2,"Topsoil",46.65776,-19.001199,"Cwa","Aw","Temperate, dry winter, hot summer","Tropical, savannah","Temperate (seasonal)","Tropical (seasonal)"
"icr076447","Analavory",6,2,"Subsoil",46.65776,-19.001199,"Cwa","Aw","Temperate, dry winter, hot summer","Tropical, savannah","Temperate (seasonal)","Tropical (seasonal)"
"icr076460","Analavory",6,9,"Topsoil",46.660293,-18.999384,"Cwa","Aw","Temperate, dry winter, hot summer","Tropical, savannah","Temperate (seasonal)","Tropical (seasonal)"
"icr076461","Analavory",6,9,"Subsoil",46.660293,-18.999384,"Cwa","Aw","Temperate, dry winter, hot summer","Tropical, savannah","Temperate (seasonal)","Tropical (seasonal)"
"icr076480","Analavory",7,9,"Topsoil",46.660746,-18.97778,"Cwa","Aw","Temperate, dry winter, hot summer","Tropical, savannah","Temperate (seasonal)","Tropical (seasonal)"
"icr076481","Analavory",7,9,"Subsoil",46.660746,-18.97778,"Cwa","Aw","Temperate, dry winter, hot summer","Tropical, savannah","Temperate (seasonal)","Tropical (seasonal)"
"icr076494","Analavory",8,6,"Topsoil",46.652397,-18.958693,"Cwa","Aw","Temperate, dry winter, hot summer","Tropical, savannah","Temperate (seasonal)","Tropical (seasonal)"
"icr076495","Analavory",8,6,"Subsoil",46.652397,-18.958693,"Cwa","Aw","Temperate, dry winter, hot summer","Tropical, savannah","Temperate (seasonal)","Tropical (seasonal)"
"icr076508","Analavory",9,4,"Topsoil",46.676483,-19.020066,"Cwa","Aw","Temperate, dry winter, hot summer","Tropical, savannah","Temperate (seasonal)","Tropical (seasonal)"
"icr076509","Analavory",9,4,"Subsoil",46.676483,-19.020066,"Cwa","Aw","Temperate, dry winter, hot summer","Tropical, savannah","Temperate (seasonal)","Tropical (seasonal)"
"icr076518","Analavory",9,9,"Topsoil",46.679666,-19.017739,"Cwa","Aw","Temperate, dry winter, hot summer","Tropical, savannah","Temperate (seasonal)","Tropical (seasonal)"
"icr076519","Analavory",9,9,"Subsoil",46.679666,-19.017739,"Cwa","Aw","Temperate, dry winter, hot summer","Tropical, savannah","Temperate (seasonal)","Tropical (seasonal)"
"icr076527","Analavory",10,5,"Topsoil",46.678734,-19.006775,"Cwa","Aw","Temperate, dry winter, hot summer","Tropical, savannah","Temperate (seasonal)","Tropical (seasonal)"
"icr076528","Analavory",10,5,"Subsoil",46.678734,-19.006775,"Cwa","Aw","Temperate, dry winter, hot summer","Tropical, savannah","Temperate (seasonal)","Tropical (seasonal)"
"icr076569","Analavory",12,6,"Topsoil",46.684407,-18.955873,"Cwa","Aw","Temperate, dry winter, hot summer","Tropical, savannah","Temperate (seasonal)","Tropical (seasonal)"
"icr076570","Analavory",12,6,"Subsoil",46.684407,-18.955873,"Cwa","Aw","Temperate, dry winter, hot summer","Tropical, savannah","Temperate (seasonal)","Tropical (seasonal)"
"icr076599","Analavory",13,14,"Topsoil",46.708536,-19.018618,"Cwa","Aw","Temperate, dry winter, hot summer","Tropical, savannah","Temperate (seasonal)","Tropical (seasonal)"
"icr076600","Analavory",13,14,"Subsoil",46.708536,-19.018618,"Cwa","Aw","Temperate, dry winter, hot summer","Tropical, savannah","Temperate (seasonal)","Tropical (seasonal)"
"icr076607","Analavory",14,4,"Topsoil",46.700807,-19.011172,"Cwb","Aw","Temperate, dry winter, warm summer","Tropical, savannah","Temperate (seasonal)","Tropical (seasonal)"
"icr076608","Analavory",14,4,"Subsoil",46.700807,-19.011172,"Cwb","Aw","Temperate, dry winter, warm summer","Tropical, savannah","Temperate (seasonal)","Tropical (seasonal)"
"icr076611","Analavory",14,6,"Topsoil",46.704284,-19.004856,"Cwb","Aw","Temperate, dry winter, warm summer","Tropical, savannah","Temperate (seasonal)","Tropical (seasonal)"
"icr076612","Analavory",14,6,"Subsoil",46.704284,-19.004856,"Cwb","Aw","Temperate, dry winter, warm summer","Tropical, savannah","Temperate (seasonal)","Tropical (seasonal)"
"icr076632","Analavory",15,7,"Topsoil",46.70011,-18.981098,"Cwb","Aw","Temperate, dry winter, warm summer","Tropical, savannah","Temperate (seasonal)","Tropical (seasonal)"
"icr076633","Analavory",15,7,"Subsoil",46.70011,-18.981098,"Cwb","Aw","Temperate, dry winter, warm summer","Tropical, savannah","Temperate (seasonal)","Tropical (seasonal)"
"icr076638","Analavory",15,10,"Topsoil",46.702414,-18.982985,"Cwb","Aw","Temperate, dry winter, warm summer","Tropical, savannah","Temperate (seasonal)","Tropical (seasonal)"
"icr076639","Analavory",15,10,"Subsoil",46.702414,-18.982985,"Cwb","Aw","Temperate, dry winter, warm summer","Tropical, savannah","Temperate (seasonal)","Tropical (seasonal)"
"icr076646","Analavory",16,4,"Topsoil",46.708034,-18.956841,"Cwa","Aw","Temperate, dry winter, hot summer","Tropical, savannah","Temperate (seasonal)","Tropical (seasonal)"
"icr076647","Analavory",16,4,"Subsoil",46.708034,-18.956841,"Cwa","Aw","Temperate, dry winter, hot summer","Tropical, savannah","Temperate (seasonal)","Tropical (seasonal)"
