SSN,Depth,Country,data_14c
icr005934,Topsoil,Tanzania,FALSE
icr005940,Topsoil,Tanzania,FALSE
icr005949,Subsoil,Tanzania,FALSE
icr005950,Topsoil,Tanzania,FALSE
icr005952,Topsoil,Tanzania,FALSE
icr005955,Subsoil,Tanzania,FALSE
icr005958,Topsoil,Tanzania,FALSE
icr005962,Subsoil,Tanzania,FALSE
icr005964,Subsoil,Tanzania,FALSE
icr005971,Topsoil,Tanzania,TRUE
icr005972,Subsoil,Tanzania,TRUE
icr005973,Topsoil,Tanzania,FALSE
icr005974,Subsoil,Tanzania,FALSE
icr005975,Topsoil,Tanzania,FALSE
icr005977,Topsoil,Tanzania,FALSE
icr005980,Subsoil,Tanzania,FALSE
icr005981,Topsoil,Tanzania,FALSE
icr005987,Topsoil,Tanzania,FALSE
icr005988,Topsoil,Tanzania,FALSE
icr005989,Topsoil,Tanzania,FALSE
icr005990,Topsoil,Tanzania,TRUE
icr005991,Subsoil,Tanzania,TRUE
icr005994,Subsoil,Tanzania,FALSE
icr005997,Topsoil,Tanzania,FALSE
icr006000,Topsoil,Tanzania,FALSE
icr006004,Subsoil,Tanzania,FALSE
icr006010,Topsoil,Tanzania,FALSE
icr006014,Subsoil,Tanzania,FALSE
icr006021,Topsoil,Tanzania,FALSE
icr006024,Subsoil,Tanzania,FALSE
icr006026,Subsoil,Tanzania,FALSE
icr006034,Subsoil,Tanzania,FALSE
icr006041,Topsoil,Tanzania,FALSE
icr006044,Subsoil,Tanzania,FALSE
icr006058,Topsoil,Tanzania,FALSE
icr006061,Subsoil,Tanzania,FALSE
icr006063,Subsoil,Tanzania,FALSE
icr006064,Topsoil,Tanzania,FALSE
icr006073,Topsoil,Tanzania,FALSE
icr006079,Subsoil,Tanzania,FALSE
icr006081,Topsoil,Tanzania,FALSE
icr006082,Subsoil,Tanzania,FALSE
icr006096,Subsoil,Tanzania,FALSE
icr006099,Topsoil,Tanzania,FALSE
icr006110,Subsoil,Tanzania,FALSE
icr006114,Subsoil,Tanzania,FALSE
icr006115,Topsoil,Tanzania,TRUE
icr006116,Subsoil,Tanzania,TRUE
icr006117,Topsoil,Tanzania,FALSE
icr006118,Subsoil,Tanzania,FALSE
icr006127,Subsoil,Tanzania,FALSE
icr006130,Topsoil,Tanzania,TRUE
icr006131,Subsoil,Tanzania,TRUE
icr006133,Subsoil,Tanzania,FALSE
icr006139,Topsoil,Tanzania,FALSE
icr006145,Topsoil,Tanzania,FALSE
icr006162,Topsoil,Tanzania,FALSE
icr006166,Topsoil,Tanzania,FALSE
icr006172,Subsoil,Tanzania,FALSE
icr006174,Subsoil,Tanzania,FALSE
icr006175,Topsoil,Tanzania,FALSE
icr006176,Topsoil,Tanzania,FALSE
icr006185,Topsoil,Tanzania,FALSE
icr006192,Topsoil,Tanzania,FALSE
icr006454,Topsoil,Tanzania,TRUE
icr006455,Subsoil,Tanzania,TRUE
icr006474,Topsoil,Tanzania,FALSE
icr006475,Subsoil,Tanzania,FALSE
icr006492,Topsoil,Tanzania,TRUE
icr006493,Subsoil,Tanzania,TRUE
icr006510,Topsoil,Tanzania,FALSE
icr006530,Topsoil,Tanzania,TRUE
icr006531,Subsoil,Tanzania,TRUE
icr006551,Subsoil,Tanzania,FALSE
icr006570,Topsoil,Tanzania,TRUE
icr006571,Subsoil,Tanzania,TRUE
icr006586,Topsoil,Tanzania,FALSE
icr006599,Subsoil,Tanzania,FALSE
icr006626,Topsoil,Tanzania,FALSE
icr006627,Subsoil,Tanzania,FALSE
icr006684,Topsoil,Tanzania,FALSE
icr006695,Subsoil,Tanzania,FALSE
icr006704,Topsoil,Tanzania,FALSE
icr006705,Subsoil,Tanzania,FALSE
icr006725,Subsoil,Tanzania,FALSE
icr006727,Subsoil,Tanzania,FALSE
icr006745,Subsoil,Tanzania,TRUE
icr007851,Subsoil,Tanzania,FALSE
icr007987,Topsoil,Tanzania,FALSE
icr010019,Subsoil,Tanzania,FALSE
icr020848,Topsoil,Tanzania,TRUE
icr020850,Topsoil,Tanzania,FALSE
icr020851,Subsoil,Tanzania,FALSE
icr020852,Topsoil,Tanzania,FALSE
icr020860,Topsoil,Tanzania,FALSE
icr020861,Subsoil,Tanzania,FALSE
icr020864,Topsoil,Tanzania,FALSE
icr020865,Subsoil,Tanzania,FALSE
icr020867,Subsoil,Tanzania,FALSE
icr020872,Topsoil,Tanzania,FALSE
icr020873,Subsoil,Tanzania,FALSE
icr020877,Subsoil,Tanzania,FALSE
icr020879,Subsoil,Tanzania,FALSE
icr020882,Topsoil,Tanzania,FALSE
icr020888,Topsoil,Tanzania,TRUE
icr020889,Subsoil,Tanzania,TRUE
icr020895,Subsoil,Tanzania,FALSE
icr020900,Topsoil,Tanzania,FALSE
icr020903,Subsoil,Tanzania,FALSE
icr020904,Topsoil,Tanzania,FALSE
icr020907,Subsoil,Tanzania,FALSE
icr020909,Subsoil,Tanzania,TRUE
icr020910,Topsoil,Tanzania,FALSE
icr020912,Topsoil,Tanzania,FALSE
icr020913,Subsoil,Tanzania,FALSE
icr020914,Topsoil,Tanzania,FALSE
icr020915,Subsoil,Tanzania,FALSE
icr020917,Subsoil,Tanzania,FALSE
icr020918,Topsoil,Tanzania,FALSE
icr020922,Topsoil,Tanzania,FALSE
icr020924,Subsoil,Tanzania,FALSE
icr020926,Subsoil,Tanzania,FALSE
icr020929,Topsoil,Tanzania,FALSE
icr020930,Subsoil,Tanzania,FALSE
icr020932,Subsoil,Tanzania,FALSE
icr020933,Topsoil,Tanzania,FALSE
icr020934,Subsoil,Tanzania,FALSE
icr020939,Topsoil,Tanzania,FALSE
icr020940,Subsoil,Tanzania,FALSE
icr020941,Topsoil,Tanzania,FALSE
icr020942,Subsoil,Tanzania,FALSE
icr020943,Topsoil,Tanzania,FALSE
icr020947,Topsoil,Tanzania,FALSE
icr020949,Topsoil,Tanzania,FALSE
icr020950,Subsoil,Tanzania,FALSE
icr020951,Topsoil,Tanzania,FALSE
icr020952,Subsoil,Tanzania,FALSE
icr020955,Topsoil,Tanzania,FALSE
icr020956,Subsoil,Tanzania,FALSE
icr020957,Topsoil,Tanzania,FALSE
icr020958,Subsoil,Tanzania,FALSE
icr020960,Subsoil,Tanzania,FALSE
icr020965,Subsoil,Tanzania,FALSE
icr020966,Topsoil,Tanzania,FALSE
icr020967,Subsoil,Tanzania,FALSE
icr020968,Topsoil,Tanzania,FALSE
icr020969,Subsoil,Tanzania,FALSE
icr020970,Topsoil,Tanzania,TRUE
icr020971,Subsoil,Tanzania,TRUE
icr020972,Topsoil,Tanzania,FALSE
icr020973,Subsoil,Tanzania,FALSE
icr020974,Topsoil,Tanzania,FALSE
icr020975,Subsoil,Tanzania,FALSE
icr020976,Topsoil,Tanzania,FALSE
icr020977,Subsoil,Tanzania,FALSE
icr020978,Topsoil,Tanzania,FALSE
icr020981,Subsoil,Tanzania,FALSE
icr020982,Topsoil,Tanzania,FALSE
icr020983,Subsoil,Tanzania,FALSE
icr020984,Topsoil,Tanzania,FALSE
icr020985,Subsoil,Tanzania,FALSE
icr020986,Topsoil,Tanzania,FALSE
icr020989,Subsoil,Tanzania,FALSE
icr020990,Topsoil,Tanzania,FALSE
icr020991,Topsoil,Tanzania,FALSE
icr020992,Subsoil,Tanzania,FALSE
icr020993,Topsoil,Tanzania,FALSE
icr020994,Subsoil,Tanzania,FALSE
icr020995,Topsoil,Tanzania,FALSE
icr020998,Topsoil,Tanzania,FALSE
icr020999,Subsoil,Tanzania,FALSE
icr021002,Topsoil,Tanzania,FALSE
icr021003,Subsoil,Tanzania,FALSE
icr021005,Subsoil,Tanzania,FALSE
icr021006,Topsoil,Tanzania,FALSE
icr021007,Subsoil,Tanzania,FALSE
icr021008,Topsoil,Tanzania,FALSE
icr021010,Subsoil,Tanzania,FALSE
icr021013,Topsoil,Tanzania,FALSE
icr021014,Subsoil,Tanzania,FALSE
icr021015,Topsoil,Tanzania,FALSE
icr021016,Subsoil,Tanzania,FALSE
icr021022,Subsoil,Tanzania,FALSE
icr021028,Subsoil,Tanzania,FALSE
icr021031,Topsoil,Tanzania,FALSE
icr021032,Subsoil,Tanzania,FALSE
icr021033,Topsoil,Tanzania,FALSE
icr021034,Subsoil,Tanzania,FALSE
icr021035,Topsoil,Tanzania,FALSE
icr021038,Subsoil,Tanzania,FALSE
icr021041,Topsoil,Tanzania,FALSE
icr021045,Topsoil,Tanzania,FALSE
icr021046,Subsoil,Tanzania,FALSE
icr021051,Topsoil,Tanzania,FALSE
icr021052,Subsoil,Tanzania,FALSE
icr021056,Subsoil,Tanzania,FALSE
icr021057,Topsoil,Tanzania,FALSE
icr021058,Subsoil,Tanzania,FALSE
icr021060,Subsoil,Tanzania,FALSE
icr021062,Subsoil,Tanzania,FALSE
icr021063,Topsoil,Tanzania,TRUE
icr021064,Subsoil,Tanzania,TRUE
icr021065,Topsoil,Tanzania,FALSE
icr021066,Subsoil,Tanzania,FALSE
icr021077,Topsoil,Tanzania,FALSE
icr021081,Topsoil,Tanzania,FALSE
icr021082,Subsoil,Tanzania,FALSE
icr021084,Subsoil,Tanzania,FALSE
icr021085,Topsoil,Tanzania,FALSE
icr021086,Subsoil,Tanzania,FALSE
icr021090,Subsoil,Tanzania,FALSE
icr021095,Topsoil,Tanzania,FALSE
icr021099,Topsoil,Tanzania,FALSE
icr021101,Topsoil,Tanzania,FALSE
icr021102,Subsoil,Tanzania,FALSE
icr021103,Topsoil,Tanzania,TRUE
icr021104,Subsoil,Tanzania,TRUE
icr021106,Subsoil,Tanzania,FALSE
icr021111,Topsoil,Tanzania,FALSE
icr021112,Subsoil,Tanzania,FALSE
icr021118,Subsoil,Tanzania,FALSE
icr021121,Topsoil,Tanzania,FALSE
icr021123,Topsoil,Tanzania,FALSE
icr021127,Topsoil,Tanzania,FALSE
icr021129,Subsoil,Tanzania,FALSE
icr021131,Subsoil,Tanzania,FALSE
icr021132,Topsoil,Tanzania,FALSE
icr021133,Topsoil,Tanzania,FALSE
icr021134,Subsoil,Tanzania,FALSE
icr021136,Subsoil,Tanzania,FALSE
icr021139,Topsoil,Tanzania,FALSE
icr021143,Topsoil,Tanzania,FALSE
icr021144,Topsoil,Tanzania,FALSE
icr021145,Topsoil,Tanzania,FALSE
icr021147,Topsoil,Tanzania,FALSE
icr021152,Topsoil,Tanzania,FALSE
icr021153,Subsoil,Tanzania,FALSE
icr021155,Subsoil,Tanzania,FALSE
icr024866,Topsoil,Tanzania,FALSE
icr024869,Subsoil,Tanzania,FALSE
icr024876,Topsoil,Tanzania,FALSE
icr024877,Subsoil,Tanzania,FALSE
icr024882,Subsoil,Tanzania,FALSE
icr024883,Topsoil,Tanzania,FALSE
icr024884,Subsoil,Tanzania,FALSE
icr024885,Topsoil,Tanzania,FALSE
icr024887,Topsoil,Tanzania,FALSE
icr024889,Topsoil,Tanzania,FALSE
icr024894,Subsoil,Tanzania,FALSE
icr024901,Topsoil,Tanzania,FALSE
icr024994,Topsoil,Tanzania,TRUE
icr025016,Topsoil,Tanzania,FALSE
icr024918,Subsoil,Tanzania,FALSE
icr024928,Subsoil,Tanzania,FALSE
icr024930,Subsoil,Tanzania,FALSE
icr024931,Topsoil,Tanzania,FALSE
icr024932,Subsoil,Tanzania,FALSE
icr024934,Subsoil,Tanzania,FALSE
icr024935,Topsoil,Tanzania,FALSE
icr024936,Subsoil,Tanzania,FALSE
icr024950,Subsoil,Tanzania,FALSE
icr024956,Topsoil,Tanzania,TRUE
icr024957,Subsoil,Tanzania,TRUE
icr024959,Subsoil,Tanzania,FALSE
icr024960,Topsoil,Tanzania,FALSE
icr024961,Subsoil,Tanzania,FALSE
icr024963,Subsoil,Tanzania,FALSE
icr024969,Subsoil,Tanzania,FALSE
icr024973,Subsoil,Tanzania,FALSE
icr024974,Topsoil,Tanzania,FALSE
icr024975,Topsoil,Tanzania,FALSE
icr024976,Topsoil,Tanzania,TRUE
icr024977,Subsoil,Tanzania,TRUE
icr024979,Subsoil,Tanzania,FALSE
icr024980,Topsoil,Tanzania,FALSE
icr024981,Subsoil,Tanzania,FALSE
icr024982,Topsoil,Tanzania,FALSE
icr024985,Topsoil,Tanzania,FALSE
icr024986,Subsoil,Tanzania,FALSE
icr024987,Topsoil,Tanzania,FALSE
icr024988,Topsoil,Tanzania,FALSE
icr024990,Topsoil,Tanzania,FALSE
icr024991,Subsoil,Tanzania,FALSE
icr024992,Topsoil,Tanzania,FALSE
icr024993,Topsoil,Tanzania,FALSE
icr024995,Subsoil,Tanzania,TRUE
icr024999,Topsoil,Tanzania,FALSE
icr025000,Topsoil,Tanzania,FALSE
icr025001,Topsoil,Tanzania,FALSE
icr025002,Subsoil,Tanzania,FALSE
icr025003,Topsoil,Tanzania,FALSE
icr025006,Topsoil,Tanzania,FALSE
icr025008,Topsoil,Tanzania,FALSE
icr025011,Subsoil,Tanzania,FALSE
icr025019,Subsoil,Tanzania,FALSE
icr025020,Topsoil,Tanzania,FALSE
icr025021,Subsoil,Tanzania,FALSE
icr025023,Subsoil,Tanzania,FALSE
icr025024,Topsoil,Tanzania,FALSE
icr025026,Topsoil,Tanzania,FALSE
icr025029,Subsoil,Tanzania,FALSE
icr025039,Subsoil,Tanzania,FALSE
icr025040,Topsoil,Tanzania,FALSE
icr025041,Subsoil,Tanzania,FALSE
icr025047,Topsoil,Tanzania,FALSE
icr025049,Topsoil,Tanzania,FALSE
icr025050,Subsoil,Tanzania,FALSE
icr025054,Subsoil,Tanzania,FALSE
icr025056,Subsoil,Tanzania,FALSE
icr025060,Subsoil,Tanzania,FALSE
icr025061,Topsoil,Tanzania,FALSE
icr025062,Subsoil,Tanzania,FALSE
icr025063,Topsoil,Tanzania,FALSE
icr025065,Topsoil,Tanzania,FALSE
icr025066,Subsoil,Tanzania,FALSE
icr025068,Subsoil,Tanzania,FALSE
icr025071,Topsoil,Tanzania,FALSE
icr025072,Topsoil,Tanzania,FALSE
icr025077,Subsoil,Tanzania,FALSE
icr025078,Topsoil,Tanzania,FALSE
icr025080,Subsoil,Tanzania,FALSE
icr025082,Subsoil,Tanzania,FALSE
icr025085,Topsoil,Tanzania,FALSE
icr025087,Topsoil,Tanzania,FALSE
icr025089,Subsoil,Tanzania,FALSE
icr025094,Topsoil,Tanzania,FALSE
icr025096,Topsoil,Tanzania,FALSE
icr025097,Topsoil,Tanzania,FALSE
icr025030,Topsoil,Tanzania,FALSE
icr025102,Subsoil,Tanzania,FALSE
icr025105,Topsoil,Tanzania,FALSE
icr025106,Subsoil,Tanzania,FALSE
icr025109,Topsoil,Tanzania,FALSE
icr025110,Subsoil,Tanzania,FALSE
icr025112,Subsoil,Tanzania,FALSE
icr025116,Subsoil,Tanzania,FALSE
icr025121,Subsoil,Tanzania,FALSE
icr025129,Topsoil,Tanzania,FALSE
icr025130,Topsoil,Tanzania,FALSE
icr025132,Topsoil,Tanzania,FALSE
icr025133,Topsoil,Tanzania,FALSE
icr025137,Topsoil,Tanzania,FALSE
icr025138,Topsoil,Tanzania,FALSE
icr025140,Subsoil,Tanzania,FALSE
icr030027,Subsoil,Ethiopia,FALSE
icr030033,Topsoil,Ethiopia,FALSE
icr030036,Subsoil,Ethiopia,FALSE
icr030037,Topsoil,Ethiopia,FALSE
icr030039,Topsoil,Ethiopia,FALSE
icr030042,Subsoil,Ethiopia,FALSE
icr030043,Topsoil,Ethiopia,FALSE
icr030052,Subsoil,Ethiopia,TRUE
icr030055,Topsoil,Ethiopia,FALSE
icr030063,Topsoil,Ethiopia,FALSE
icr030082,Subsoil,Ethiopia,FALSE
icr030083,Topsoil,Ethiopia,FALSE
icr030088,Subsoil,Ethiopia,FALSE
icr030113,Topsoil,Ethiopia,TRUE
icr030114,Subsoil,Ethiopia,TRUE
icr030118,Subsoil,Ethiopia,FALSE
icr030119,Topsoil,Ethiopia,FALSE
icr030124,Subsoil,Ethiopia,TRUE
icr030126,Subsoil,Ethiopia,FALSE
icr030127,Topsoil,Ethiopia,TRUE
icr030128,Subsoil,Ethiopia,TRUE
icr030129,Topsoil,Ethiopia,FALSE
icr030131,Topsoil,Ethiopia,TRUE
icr030132,Subsoil,Ethiopia,TRUE
icr030133,Topsoil,Ethiopia,TRUE
icr030134,Subsoil,Ethiopia,TRUE
icr030137,Topsoil,Ethiopia,TRUE
icr030138,Subsoil,Ethiopia,TRUE
icr030139,Topsoil,Ethiopia,FALSE
icr030144,Subsoil,Ethiopia,FALSE
icr030145,Topsoil,Ethiopia,TRUE
icr030146,Subsoil,Ethiopia,TRUE
icr030148,Subsoil,Ethiopia,FALSE
icr030150,Subsoil,Ethiopia,FALSE
icr030155,Topsoil,Ethiopia,FALSE
icr030156,Subsoil,Ethiopia,FALSE
icr030160,Subsoil,Ethiopia,FALSE
icr030162,Subsoil,Ethiopia,FALSE
icr030168,Subsoil,Ethiopia,FALSE
icr030169,Topsoil,Ethiopia,FALSE
icr030170,Subsoil,Ethiopia,FALSE
icr030174,Topsoil,Ethiopia,FALSE
icr030176,Topsoil,Ethiopia,TRUE
icr030179,Subsoil,Ethiopia,FALSE
icr030181,Topsoil,Ethiopia,FALSE
icr030185,Topsoil,Ethiopia,FALSE
icr030187,Subsoil,Ethiopia,FALSE
icr030190,Topsoil,Ethiopia,TRUE
icr030191,Subsoil,Ethiopia,TRUE
icr030192,Topsoil,Ethiopia,FALSE
icr030195,Subsoil,Ethiopia,FALSE
icr030196,Topsoil,Ethiopia,FALSE
icr030203,Subsoil,Ethiopia,FALSE
icr030206,Topsoil,Ethiopia,TRUE
icr030207,Subsoil,Ethiopia,TRUE
icr030209,Subsoil,Ethiopia,FALSE
icr030211,Subsoil,Ethiopia,FALSE
icr030215,Subsoil,Ethiopia,TRUE
icr030225,Subsoil,Ethiopia,FALSE
icr030227,Subsoil,Ethiopia,FALSE
icr030231,Subsoil,Ethiopia,FALSE
icr030234,Topsoil,Ethiopia,FALSE
icr030237,Subsoil,Ethiopia,FALSE
icr030242,Topsoil,Ethiopia,FALSE
icr030243,Subsoil,Ethiopia,FALSE
icr030244,Topsoil,Ethiopia,FALSE
icr030251,Subsoil,Ethiopia,FALSE
icr030257,Subsoil,Ethiopia,FALSE
icr030260,Topsoil,Ethiopia,FALSE
icr030265,Subsoil,Ethiopia,FALSE
icr030268,Topsoil,Ethiopia,TRUE
icr030269,Subsoil,Ethiopia,TRUE
icr030270,Topsoil,Ethiopia,TRUE
icr030271,Subsoil,Ethiopia,TRUE
icr030273,Subsoil,Ethiopia,FALSE
icr030277,Subsoil,Ethiopia,FALSE
icr030279,Subsoil,Ethiopia,FALSE
icr030282,Topsoil,Ethiopia,TRUE
icr030283,Subsoil,Ethiopia,TRUE
icr030288,Topsoil,Ethiopia,FALSE
icr030291,Subsoil,Ethiopia,FALSE
icr030295,Subsoil,Ethiopia,FALSE
icr030299,Subsoil,Ethiopia,FALSE
icr030300,Topsoil,Ethiopia,TRUE
icr030301,Subsoil,Ethiopia,TRUE
icr030303,Subsoil,Ethiopia,FALSE
icr030304,Topsoil,Ethiopia,FALSE
icr030305,Subsoil,Ethiopia,FALSE
icr030309,Subsoil,Ethiopia,FALSE
icr030310,Topsoil,Ethiopia,FALSE
icr030313,Subsoil,Ethiopia,FALSE
icr030315,Subsoil,Ethiopia,FALSE
icr030319,Subsoil,Ethiopia,FALSE
icr030321,Subsoil,Ethiopia,FALSE
icr030323,Topsoil,Ethiopia,TRUE
icr030324,Subsoil,Ethiopia,TRUE
icr030325,Topsoil,Ethiopia,FALSE
icr030326,Topsoil,Ethiopia,FALSE
icr030328,Topsoil,Ethiopia,FALSE
icr030329,Subsoil,Ethiopia,FALSE
icr030330,Topsoil,Ethiopia,TRUE
icr030331,Subsoil,Ethiopia,TRUE
icr030332,Topsoil,Ethiopia,FALSE
icr030334,Topsoil,Ethiopia,FALSE
icr030338,Subsoil,Ethiopia,FALSE
icr030342,Subsoil,Ethiopia,FALSE
icr030345,Topsoil,Ethiopia,FALSE
icr030346,Topsoil,Ethiopia,FALSE
icr030361,Subsoil,Ethiopia,FALSE
icr030365,Subsoil,Ethiopia,FALSE
icr030366,Topsoil,Ethiopia,FALSE
icr030369,Topsoil,Ethiopia,FALSE
icr030370,Topsoil,Ethiopia,FALSE
icr030371,Subsoil,Ethiopia,FALSE
icr030372,Topsoil,Ethiopia,FALSE
icr030373,Subsoil,Ethiopia,FALSE
icr030375,Topsoil,Ethiopia,FALSE
icr030379,Topsoil,Ethiopia,FALSE
icr030381,Topsoil,Ethiopia,FALSE
icr030382,Subsoil,Ethiopia,FALSE
icr030383,Topsoil,Ethiopia,FALSE
icr030386,Topsoil,Ethiopia,FALSE
icr030397,Topsoil,Ethiopia,FALSE
icr030407,Topsoil,Ethiopia,FALSE
icr030408,Subsoil,Ethiopia,FALSE
icr030409,Topsoil,Ethiopia,FALSE
icr030411,Topsoil,Ethiopia,FALSE
icr030419,Topsoil,Ethiopia,FALSE
icr030420,Topsoil,Ethiopia,FALSE
icr030422,Topsoil,Ethiopia,FALSE
icr030424,Topsoil,Ethiopia,FALSE
icr030425,Topsoil,Ethiopia,FALSE
icr030427,Topsoil,Ethiopia,FALSE
icr030428,Topsoil,Ethiopia,FALSE
icr030432,Topsoil,Ethiopia,FALSE
icr030434,Topsoil,Ethiopia,FALSE
icr030435,Topsoil,Ethiopia,FALSE
icr030475,Subsoil,Ethiopia,FALSE
icr030480,Topsoil,Ethiopia,FALSE
icr030481,Subsoil,Ethiopia,FALSE
icr030485,Subsoil,Ethiopia,FALSE
icr030486,Topsoil,Ethiopia,FALSE
icr030488,Subsoil,Ethiopia,FALSE
icr030489,Topsoil,Ethiopia,FALSE
icr030490,Subsoil,Ethiopia,FALSE
icr030492,Subsoil,Ethiopia,FALSE
icr030493,Topsoil,Ethiopia,FALSE
icr030495,Subsoil,Ethiopia,FALSE
icr030513,Topsoil,Ethiopia,FALSE
icr030514,Subsoil,Ethiopia,FALSE
icr030529,Topsoil,Ethiopia,FALSE
icr030547,Topsoil,Ethiopia,FALSE
icr030555,Topsoil,Ethiopia,FALSE
icr030588,Subsoil,Ethiopia,FALSE
icr033353,Topsoil,Kenya,FALSE
icr033358,Subsoil,Kenya,FALSE
icr033360,Subsoil,Kenya,FALSE
icr033374,Subsoil,Kenya,FALSE
icr033379,Topsoil,Kenya,FALSE
icr033381,Topsoil,Kenya,FALSE
icr033391,Topsoil,Kenya,FALSE
icr033393,Subsoil,Kenya,FALSE
icr033394,Topsoil,Kenya,FALSE
icr033395,Topsoil,Kenya,FALSE
icr033396,Topsoil,Kenya,FALSE
icr033398,Topsoil,Kenya,FALSE
icr033399,Subsoil,Kenya,FALSE
icr033400,Topsoil,Kenya,FALSE
icr033402,Topsoil,Kenya,FALSE
icr033403,Subsoil,Kenya,FALSE
icr033404,Topsoil,Kenya,FALSE
icr033405,Subsoil,Kenya,FALSE
icr033406,Topsoil,Kenya,FALSE
icr033408,Subsoil,Kenya,FALSE
icr033410,Subsoil,Kenya,FALSE
icr033411,Topsoil,Kenya,FALSE
icr033414,Subsoil,Kenya,FALSE
icr033415,Topsoil,Kenya,FALSE
icr033416,Subsoil,Kenya,FALSE
icr033417,Topsoil,Kenya,FALSE
icr033419,Topsoil,Kenya,TRUE
icr033420,Subsoil,Kenya,TRUE
icr033430,Subsoil,Kenya,FALSE
icr033434,Subsoil,Kenya,FALSE
icr033444,Subsoil,Kenya,FALSE
icr033447,Topsoil,Kenya,FALSE
icr033450,Subsoil,Kenya,FALSE
icr033451,Topsoil,Kenya,FALSE
icr033452,Topsoil,Kenya,FALSE
icr033453,Subsoil,Kenya,FALSE
icr033455,Subsoil,Kenya,FALSE
icr033457,Subsoil,Kenya,FALSE
icr033459,Subsoil,Kenya,FALSE
icr033465,Subsoil,Kenya,FALSE
icr033467,Subsoil,Kenya,FALSE
icr033469,Subsoil,Kenya,FALSE
icr033470,Topsoil,Kenya,FALSE
icr033471,Subsoil,Kenya,FALSE
icr033472,Topsoil,Kenya,FALSE
icr033473,Subsoil,Kenya,FALSE
icr033474,Topsoil,Kenya,FALSE
icr033475,Subsoil,Kenya,FALSE
icr033476,Topsoil,Kenya,FALSE
icr033477,Subsoil,Kenya,FALSE
icr033481,Subsoil,Kenya,FALSE
icr033482,Topsoil,Kenya,FALSE
icr033483,Subsoil,Kenya,FALSE
icr033485,Subsoil,Kenya,FALSE
icr033494,Topsoil,Kenya,FALSE
icr033503,Subsoil,Kenya,FALSE
icr033508,Topsoil,Kenya,FALSE
icr033509,Topsoil,Kenya,FALSE
icr033510,Subsoil,Kenya,FALSE
icr033511,Topsoil,Kenya,FALSE
icr033513,Topsoil,Kenya,FALSE
icr033516,Subsoil,Kenya,FALSE
icr033518,Subsoil,Kenya,FALSE
icr033519,Topsoil,Kenya,FALSE
icr033520,Subsoil,Kenya,FALSE
icr033521,Topsoil,Kenya,FALSE
icr033522,Subsoil,Kenya,FALSE
icr033523,Topsoil,Kenya,FALSE
icr033524,Subsoil,Kenya,FALSE
icr033527,Topsoil,Kenya,FALSE
icr033528,Subsoil,Kenya,FALSE
icr033529,Topsoil,Kenya,FALSE
icr033530,Subsoil,Kenya,FALSE
icr033531,Topsoil,Kenya,FALSE
icr033532,Subsoil,Kenya,FALSE
icr033533,Topsoil,Kenya,FALSE
icr033535,Topsoil,Kenya,TRUE
icr033536,Subsoil,Kenya,TRUE
icr033542,Subsoil,Kenya,FALSE
icr033545,Topsoil,Kenya,FALSE
icr033550,Subsoil,Kenya,FALSE
icr033551,Topsoil,Kenya,FALSE
icr033553,Topsoil,Kenya,FALSE
icr033554,Subsoil,Kenya,FALSE
icr033555,Topsoil,Kenya,FALSE
icr033557,Topsoil,Kenya,FALSE
icr033558,Subsoil,Kenya,FALSE
icr033559,Topsoil,Kenya,FALSE
icr033560,Subsoil,Kenya,FALSE
icr033561,Topsoil,Kenya,FALSE
icr033567,Subsoil,Kenya,FALSE
icr033568,Topsoil,Kenya,FALSE
icr033569,Subsoil,Kenya,FALSE
icr033570,Topsoil,Kenya,FALSE
icr033571,Topsoil,Kenya,FALSE
icr033572,Topsoil,Kenya,FALSE
icr033573,Subsoil,Kenya,FALSE
icr033575,Subsoil,Kenya,FALSE
icr033577,Subsoil,Kenya,FALSE
icr033584,Topsoil,Kenya,FALSE
icr033588,Topsoil,Kenya,FALSE
icr033592,Topsoil,Kenya,TRUE
icr033594,Topsoil,Kenya,FALSE
icr033595,Subsoil,Kenya,FALSE
icr033597,Subsoil,Kenya,FALSE
icr033598,Topsoil,Kenya,TRUE
icr033599,Subsoil,Kenya,TRUE
icr033602,Topsoil,Ethiopia,FALSE
icr033603,Subsoil,Ethiopia,FALSE
icr033605,Subsoil,Ethiopia,FALSE
icr033611,Subsoil,Ethiopia,FALSE
icr033616,Topsoil,Ethiopia,FALSE
icr033618,Topsoil,Ethiopia,FALSE
icr033619,Topsoil,Ethiopia,FALSE
icr033622,Subsoil,Ethiopia,FALSE
icr033624,Subsoil,Ethiopia,FALSE
icr033625,Topsoil,Ethiopia,FALSE
icr033626,Subsoil,Ethiopia,FALSE
icr033627,Topsoil,Ethiopia,FALSE
icr033630,Subsoil,Ethiopia,FALSE
icr033631,Topsoil,Ethiopia,FALSE
icr033632,Topsoil,Ethiopia,FALSE
icr033633,Subsoil,Ethiopia,FALSE
icr033634,Topsoil,Ethiopia,TRUE
icr033635,Subsoil,Ethiopia,TRUE
icr033636,Topsoil,Ethiopia,FALSE
icr033637,Topsoil,Ethiopia,FALSE
icr033638,Subsoil,Ethiopia,FALSE
icr033640,Subsoil,Ethiopia,FALSE
icr033643,Topsoil,Ethiopia,FALSE
icr033644,Topsoil,Ethiopia,FALSE
icr033646,Topsoil,Ethiopia,FALSE
icr033648,Topsoil,Ethiopia,FALSE
icr033650,Topsoil,Ethiopia,FALSE
icr033652,Topsoil,Ethiopia,FALSE
icr033655,Subsoil,Ethiopia,FALSE
icr033659,Subsoil,Ethiopia,FALSE
icr033660,Topsoil,Ethiopia,FALSE
icr033661,Subsoil,Ethiopia,FALSE
icr033664,Topsoil,Ethiopia,TRUE
icr033665,Subsoil,Ethiopia,TRUE
icr033666,Topsoil,Ethiopia,FALSE
icr033667,Subsoil,Ethiopia,FALSE
icr033670,Topsoil,Ethiopia,FALSE
icr033671,Subsoil,Ethiopia,FALSE
icr033679,Subsoil,Ethiopia,FALSE
icr033680,Topsoil,Ethiopia,FALSE
icr033683,Subsoil,Ethiopia,FALSE
icr033684,Topsoil,Ethiopia,FALSE
icr033685,Subsoil,Ethiopia,FALSE
icr033689,Subsoil,Ethiopia,FALSE
icr033690,Topsoil,Ethiopia,FALSE
icr033695,Subsoil,Ethiopia,FALSE
icr033699,Subsoil,Ethiopia,FALSE
icr033704,Topsoil,Ethiopia,FALSE
icr033710,Topsoil,Ethiopia,FALSE
icr033716,Topsoil,Ethiopia,FALSE
icr033724,Topsoil,Ethiopia,FALSE
icr033729,Topsoil,Ethiopia,FALSE
icr033732,Topsoil,Ethiopia,FALSE
icr033733,Subsoil,Ethiopia,FALSE
icr033735,Subsoil,Ethiopia,FALSE
icr033737,Subsoil,Ethiopia,FALSE
icr033738,Topsoil,Ethiopia,FALSE
icr033739,Subsoil,Ethiopia,FALSE
icr033741,Subsoil,Ethiopia,FALSE
icr033747,Subsoil,Ethiopia,FALSE
icr033748,Topsoil,Ethiopia,FALSE
icr033749,Subsoil,Ethiopia,FALSE
icr033750,Topsoil,Ethiopia,FALSE
icr033751,Subsoil,Ethiopia,FALSE
icr033754,Topsoil,Ethiopia,FALSE
icr033756,Topsoil,Ethiopia,FALSE
icr033757,Topsoil,Ethiopia,FALSE
icr033760,Subsoil,Ethiopia,FALSE
icr033767,Topsoil,Ethiopia,FALSE
icr033768,Subsoil,Ethiopia,FALSE
icr033769,Topsoil,Ethiopia,FALSE
icr033772,Subsoil,Ethiopia,FALSE
icr033780,Subsoil,Ethiopia,FALSE
icr033781,Topsoil,Ethiopia,FALSE
icr033782,Subsoil,Ethiopia,FALSE
icr033787,Topsoil,Ethiopia,FALSE
icr033788,Subsoil,Ethiopia,FALSE
icr033792,Subsoil,Ethiopia,FALSE
icr033801,Topsoil,Ethiopia,FALSE
icr033805,Topsoil,Ethiopia,FALSE
icr033815,Topsoil,Ethiopia,FALSE
icr033819,Topsoil,Ethiopia,TRUE
icr033820,Subsoil,Ethiopia,TRUE
icr033824,Subsoil,Ethiopia,FALSE
icr033829,Topsoil,Ethiopia,FALSE
icr033833,Topsoil,Ethiopia,FALSE
icr033834,Subsoil,Ethiopia,FALSE
icr033845,Topsoil,Ethiopia,FALSE
icr033846,Subsoil,Ethiopia,FALSE
icr033847,Topsoil,Ethiopia,FALSE
icr033856,Subsoil,Ethiopia,FALSE
icr033858,Subsoil,Ethiopia,FALSE
icr033863,Topsoil,Ethiopia,FALSE
icr033864,Subsoil,Ethiopia,FALSE
icr033866,Subsoil,Ethiopia,FALSE
icr033869,Topsoil,Ethiopia,FALSE
icr033873,Topsoil,Ethiopia,FALSE
icr033874,Topsoil,Ethiopia,FALSE
icr033877,Subsoil,Ethiopia,FALSE
icr033879,Subsoil,Ethiopia,FALSE
icr033880,Topsoil,Ethiopia,FALSE
icr033881,Subsoil,Ethiopia,FALSE
icr033885,Subsoil,Ethiopia,FALSE
icr033893,Subsoil,Ethiopia,FALSE
icr033895,Subsoil,Ethiopia,FALSE
icr033896,Topsoil,Ethiopia,FALSE
icr033897,Subsoil,Ethiopia,FALSE
icr033901,Subsoil,Ethiopia,FALSE
icr033902,Topsoil,Ethiopia,FALSE
icr033903,Subsoil,Ethiopia,FALSE
icr033904,Topsoil,Ethiopia,FALSE
icr033905,Subsoil,Ethiopia,FALSE
icr033907,Subsoil,Ethiopia,FALSE
icr034011,Subsoil,Nigeria,FALSE
icr034422,Topsoil,Nigeria,FALSE
icr034914,Subsoil,Nigeria,FALSE
icr037453,Topsoil,Mali,TRUE
icr037454,Subsoil,Mali,TRUE
icr037476,Subsoil,Mali,FALSE
icr037492,Subsoil,Mali,FALSE
icr037512,Subsoil,Mali,FALSE
icr037531,Topsoil,Mali,TRUE
icr037532,Subsoil,Mali,TRUE
icr037574,Topsoil,Mali,TRUE
icr037575,Subsoil,Mali,TRUE
icr037590,Topsoil,Mali,FALSE
icr037621,Subsoil,Mali,FALSE
icr037626,Topsoil,Mali,FALSE
icr037676,Subsoil,Mali,FALSE
icr037689,Topsoil,Mali,FALSE
icr037699,Topsoil,Mali,FALSE
icr037767,Topsoil,Cameroon,FALSE
icr037788,Subsoil,Cameroon,FALSE
icr037808,Subsoil,Cameroon,FALSE
icr037843,Topsoil,Cameroon,FALSE
icr037851,Topsoil,Cameroon,FALSE
icr037869,Topsoil,Cameroon,FALSE
icr037901,Topsoil,Cameroon,FALSE
icr037927,Topsoil,Cameroon,TRUE
icr037928,Subsoil,Cameroon,TRUE
icr037948,Subsoil,Cameroon,FALSE
icr037969,Topsoil,Cameroon,FALSE
icr037986,Topsoil,Cameroon,TRUE
icr037987,Subsoil,Cameroon,TRUE
icr038017,Subsoil,Cameroon,FALSE
icr038034,Topsoil,Cameroon,FALSE
icr038100,Topsoil,Ethiopia,FALSE
icr038101,Subsoil,Ethiopia,FALSE
icr038102,Topsoil,Ethiopia,FALSE
icr038105,Subsoil,Ethiopia,FALSE
icr038107,Subsoil,Ethiopia,FALSE
icr038108,Topsoil,Ethiopia,FALSE
icr038110,Topsoil,Ethiopia,FALSE
icr038113,Subsoil,Ethiopia,FALSE
icr038116,Topsoil,Ethiopia,FALSE
icr038117,Subsoil,Ethiopia,FALSE
icr038118,Topsoil,Ethiopia,FALSE
icr038133,Subsoil,Ethiopia,FALSE
icr038137,Subsoil,Ethiopia,FALSE
icr038142,Topsoil,Ethiopia,FALSE
icr038144,Subsoil,Ethiopia,FALSE
icr038147,Topsoil,Ethiopia,TRUE
icr038148,Subsoil,Ethiopia,TRUE
icr038150,Subsoil,Ethiopia,FALSE
icr038154,Topsoil,Ethiopia,FALSE
icr038156,Topsoil,Ethiopia,FALSE
icr038158,Topsoil,Ethiopia,FALSE
icr038162,Topsoil,Ethiopia,FALSE
icr038167,Topsoil,Ethiopia,FALSE
icr038169,Topsoil,Ethiopia,FALSE
icr038176,Topsoil,Ethiopia,FALSE
icr038191,Topsoil,Ethiopia,FALSE
icr038193,Topsoil,Ethiopia,FALSE
icr038197,Topsoil,Ethiopia,FALSE
icr038199,Subsoil,Ethiopia,FALSE
icr038200,Topsoil,Ethiopia,FALSE
icr038202,Topsoil,Ethiopia,FALSE
icr038218,Topsoil,Ethiopia,TRUE
icr038219,Subsoil,Ethiopia,TRUE
icr038226,Subsoil,Ethiopia,FALSE
icr038227,Topsoil,Ethiopia,TRUE
icr038228,Subsoil,Ethiopia,TRUE
icr038229,Topsoil,Ethiopia,FALSE
icr038230,Subsoil,Ethiopia,FALSE
icr038236,Topsoil,Ethiopia,FALSE
icr038237,Topsoil,Ethiopia,FALSE
icr038239,Topsoil,Ethiopia,FALSE
icr038242,Topsoil,Ethiopia,TRUE
icr038243,Subsoil,Ethiopia,TRUE
icr038249,Topsoil,Ethiopia,FALSE
icr038256,Subsoil,Ethiopia,FALSE
icr038258,Subsoil,Ethiopia,FALSE
icr038260,Subsoil,Ethiopia,FALSE
icr038263,Topsoil,Ethiopia,FALSE
icr038273,Topsoil,Ethiopia,FALSE
icr038278,Subsoil,Ethiopia,FALSE
icr038281,Topsoil,Ethiopia,FALSE
icr038288,Topsoil,Ethiopia,FALSE
icr038291,Topsoil,Ethiopia,FALSE
icr038293,Topsoil,Ethiopia,FALSE
icr038298,Subsoil,Ethiopia,FALSE
icr038299,Topsoil,Ethiopia,TRUE
icr038300,Subsoil,Ethiopia,TRUE
icr038301,Topsoil,Ethiopia,FALSE
icr038302,Topsoil,Ethiopia,TRUE
icr038303,Subsoil,Ethiopia,TRUE
icr038304,Topsoil,Ethiopia,FALSE
icr038308,Subsoil,Ethiopia,FALSE
icr038315,Subsoil,Ethiopia,FALSE
icr038320,Topsoil,Ethiopia,FALSE
icr038327,Topsoil,Ethiopia,FALSE
icr038334,Subsoil,Ethiopia,FALSE
icr038342,Subsoil,Ethiopia,FALSE
icr038345,Topsoil,Ethiopia,FALSE
icr038354,Subsoil,Ethiopia,FALSE
icr038356,Subsoil,Ethiopia,FALSE
icr038357,Topsoil,Ethiopia,FALSE
icr038362,Subsoil,Ethiopia,FALSE
icr038363,Topsoil,Ethiopia,FALSE
icr038365,Subsoil,Ethiopia,FALSE
icr038368,Topsoil,Ethiopia,FALSE
icr038372,Subsoil,Ethiopia,FALSE
icr038377,Topsoil,Ethiopia,FALSE
icr038379,Topsoil,Ethiopia,FALSE
icr038380,Subsoil,Ethiopia,FALSE
icr038381,Topsoil,Ethiopia,FALSE
icr038384,Subsoil,Ethiopia,FALSE
icr041647,Topsoil,Kenya,FALSE
icr041648,Subsoil,Kenya,FALSE
icr041649,Topsoil,Kenya,FALSE
icr041650,Subsoil,Kenya,FALSE
icr041651,Topsoil,Kenya,FALSE
icr041655,Topsoil,Kenya,FALSE
icr041656,Subsoil,Kenya,FALSE
icr041662,Subsoil,Kenya,FALSE
icr041664,Subsoil,Kenya,FALSE
icr041672,Subsoil,Kenya,FALSE
icr041673,Topsoil,Kenya,FALSE
icr041679,Topsoil,Kenya,TRUE
icr041680,Subsoil,Kenya,TRUE
icr041685,Topsoil,Kenya,FALSE
icr041686,Subsoil,Kenya,FALSE
icr041710,Subsoil,Kenya,FALSE
icr041715,Topsoil,Kenya,FALSE
icr041717,Topsoil,Kenya,FALSE
icr041724,Subsoil,Kenya,FALSE
icr041733,Topsoil,Kenya,FALSE
icr041734,Subsoil,Kenya,FALSE
icr041735,Topsoil,Kenya,FALSE
icr041738,Subsoil,Kenya,FALSE
icr041740,Subsoil,Kenya,FALSE
icr041741,Topsoil,Kenya,FALSE
icr041743,Topsoil,Kenya,FALSE
icr041744,Subsoil,Kenya,FALSE
icr041746,Subsoil,Kenya,FALSE
icr041747,Topsoil,Kenya,FALSE
icr041748,Subsoil,Kenya,FALSE
icr041755,Topsoil,Kenya,FALSE
icr041758,Subsoil,Kenya,FALSE
icr041765,Topsoil,Kenya,FALSE
icr041766,Subsoil,Kenya,FALSE
icr041777,Topsoil,Kenya,FALSE
icr041778,Subsoil,Kenya,FALSE
icr041786,Subsoil,Kenya,FALSE
icr041789,Topsoil,Kenya,TRUE
icr041790,Subsoil,Kenya,TRUE
icr041798,Subsoil,Kenya,FALSE
icr041808,Subsoil,Kenya,FALSE
icr041812,Subsoil,Kenya,FALSE
icr041813,Topsoil,Kenya,FALSE
icr041820,Subsoil,Kenya,FALSE
icr041821,Topsoil,Kenya,FALSE
icr041824,Subsoil,Kenya,FALSE
icr041825,Topsoil,Kenya,FALSE
icr041826,Subsoil,Kenya,FALSE
icr041830,Topsoil,Kenya,FALSE
icr041833,Subsoil,Kenya,FALSE
icr041834,Topsoil,Kenya,FALSE
icr041837,Subsoil,Kenya,FALSE
icr041838,Topsoil,Kenya,FALSE
icr041841,Subsoil,Kenya,FALSE
icr041847,Subsoil,Kenya,FALSE
icr041853,Subsoil,Kenya,FALSE
icr041854,Topsoil,Kenya,FALSE
icr041859,Subsoil,Kenya,FALSE
icr041861,Subsoil,Kenya,FALSE
icr041865,Subsoil,Kenya,FALSE
icr041868,Topsoil,Kenya,FALSE
icr041872,Topsoil,Kenya,FALSE
icr041873,Subsoil,Kenya,FALSE
icr041878,Topsoil,Kenya,FALSE
icr041879,Subsoil,Kenya,FALSE
icr041881,Subsoil,Kenya,FALSE
icr041882,Topsoil,Kenya,FALSE
icr041883,Subsoil,Kenya,FALSE
icr041885,Subsoil,Kenya,FALSE
icr041890,Topsoil,Kenya,FALSE
icr041891,Subsoil,Kenya,FALSE
icr041894,Subsoil,Kenya,FALSE
icr041896,Subsoil,Kenya,FALSE
icr041898,Topsoil,Kenya,TRUE
icr041899,Subsoil,Kenya,TRUE
icr041901,Subsoil,Kenya,FALSE
icr041903,Subsoil,Kenya,FALSE
icr041904,Topsoil,Kenya,FALSE
icr041905,Subsoil,Kenya,FALSE
icr041907,Subsoil,Kenya,FALSE
icr041911,Subsoil,Kenya,FALSE
icr041912,Topsoil,Kenya,FALSE
icr041914,Topsoil,Kenya,FALSE
icr041917,Topsoil,Kenya,FALSE
icr041922,Subsoil,Kenya,FALSE
icr041924,Subsoil,Kenya,FALSE
icr041925,Topsoil,Kenya,FALSE
icr041926,Subsoil,Kenya,FALSE
icr041928,Subsoil,Kenya,FALSE
icr041930,Subsoil,Kenya,FALSE
icr041932,Subsoil,Kenya,FALSE
icr041938,Subsoil,Kenya,FALSE
icr041940,Subsoil,Kenya,FALSE
icr041990,Subsoil,Kenya,FALSE
icr041992,Topsoil,Kenya,TRUE
icr041993,Subsoil,Kenya,TRUE
icr041998,Subsoil,Kenya,FALSE
icr041999,Topsoil,Kenya,FALSE
icr042007,Subsoil,Kenya,FALSE
icr042021,Subsoil,Kenya,FALSE
icr042025,Subsoil,Kenya,TRUE
icr042033,Subsoil,Kenya,FALSE
icr042037,Subsoil,Kenya,FALSE
icr042039,Subsoil,Kenya,FALSE
icr042043,Subsoil,Kenya,FALSE
icr042046,Subsoil,Kenya,FALSE
icr042053,Subsoil,Kenya,FALSE
icr042056,Subsoil,Kenya,FALSE
icr042065,Subsoil,Kenya,FALSE
icr042066,Topsoil,Kenya,FALSE
icr042069,Subsoil,Kenya,FALSE
icr042070,Topsoil,Kenya,FALSE
icr042074,Topsoil,Kenya,TRUE
icr042075,Subsoil,Kenya,TRUE
icr042077,Subsoil,Kenya,FALSE
icr042080,Topsoil,Kenya,FALSE
icr042082,Topsoil,Kenya,TRUE
icr042083,Subsoil,Kenya,TRUE
icr042089,Subsoil,Kenya,FALSE
icr042102,Subsoil,Kenya,FALSE
icr042103,Topsoil,Kenya,FALSE
icr042107,Subsoil,Kenya,FALSE
icr042108,Topsoil,Kenya,TRUE
icr042109,Subsoil,Kenya,TRUE
icr042113,Topsoil,Kenya,TRUE
icr042114,Subsoil,Kenya,TRUE
icr042117,Topsoil,Kenya,TRUE
icr042118,Subsoil,Kenya,TRUE
icr042121,Topsoil,Kenya,FALSE
icr042122,Topsoil,Kenya,FALSE
icr042132,Topsoil,Kenya,FALSE
icr042141,Topsoil,Kenya,TRUE
icr042142,Subsoil,Kenya,TRUE
icr042146,Subsoil,Kenya,FALSE
icr042147,Topsoil,Kenya,FALSE
icr042148,Subsoil,Kenya,FALSE
icr042149,Topsoil,Kenya,FALSE
icr042151,Subsoil,Kenya,FALSE
icr042162,Topsoil,Kenya,FALSE
icr042165,Subsoil,Kenya,FALSE
icr042168,Topsoil,Kenya,FALSE
icr042177,Subsoil,Kenya,FALSE
icr042179,Subsoil,Kenya,FALSE
icr042180,Topsoil,Kenya,FALSE
icr042181,Topsoil,Kenya,FALSE
icr042186,Subsoil,Kenya,FALSE
icr042191,Topsoil,Kenya,TRUE
icr042192,Subsoil,Kenya,TRUE
icr042193,Topsoil,Kenya,FALSE
icr042195,Topsoil,Kenya,FALSE
icr042200,Subsoil,Kenya,FALSE
icr042201,Topsoil,Kenya,FALSE
icr042203,Topsoil,Kenya,FALSE
icr042204,Topsoil,Kenya,TRUE
icr042210,Topsoil,Kenya,FALSE
icr042215,Subsoil,Kenya,FALSE
icr042222,Topsoil,Kenya,FALSE
icr042224,Topsoil,Kenya,FALSE
icr042226,Topsoil,Kenya,FALSE
icr042229,Topsoil,Kenya,FALSE
icr042230,Subsoil,Kenya,FALSE
icr042233,Topsoil,Kenya,FALSE
icr042234,Subsoil,Kenya,FALSE
icr042235,Topsoil,Kenya,FALSE
icr042236,Subsoil,Kenya,FALSE
icr042790,Topsoil,Guinea,FALSE
icr042811,Subsoil,Guinea,FALSE
icr042836,Topsoil,Guinea,FALSE
icr042867,Topsoil,Guinea,FALSE
icr042896,Topsoil,Guinea,FALSE
icr042930,Topsoil,Guinea,FALSE
icr042947,Subsoil,Guinea,FALSE
icr042967,Subsoil,Guinea,FALSE
icr042990,Topsoil,Guinea,FALSE
icr043068,Topsoil,Guinea,FALSE
icr043152,Topsoil,Guinea,FALSE
icr043153,Subsoil,Guinea,FALSE
icr043173,Subsoil,Guinea,FALSE
icr043212,Subsoil,Guinea,FALSE
icr043231,Subsoil,Guinea,FALSE
icr043248,Topsoil,Guinea,FALSE
icr043266,Topsoil,Guinea,FALSE
icr043287,Topsoil,Guinea,FALSE
icr043300,Subsoil,Guinea,FALSE
icr043333,Subsoil,Guinea,FALSE
icr043347,Topsoil,Guinea,FALSE
icr043401,Topsoil,Guinea,FALSE
icr048451,Subsoil,SAfrica,FALSE
icr048485,Topsoil,SAfrica,FALSE
icr048520,Topsoil,SAfrica,FALSE
icr048567,Subsoil,SAfrica,FALSE
icr048585,Subsoil,SAfrica,FALSE
icr048642,Topsoil,SAfrica,FALSE
icr048664,Topsoil,SAfrica,TRUE
icr048722,Subsoil,SAfrica,FALSE
icr049069,Subsoil,SAfrica,FALSE
icr049074,Topsoil,SAfrica,FALSE
icr049154,Topsoil,SAfrica,FALSE
icr049735,Topsoil,Mozambique,FALSE
icr049934,Topsoil,Mozambique,FALSE
icr050155,Subsoil,Mozambique,FALSE
icr050175,Subsoil,Mozambique,FALSE
icr050214,Topsoil,Mozambique,TRUE
icr050215,Subsoil,Mozambique,TRUE
icr050234,Topsoil,Mozambique,FALSE
icr050254,Topsoil,Mozambique,FALSE
icr050274,Topsoil,Mozambique,FALSE
icr050294,Topsoil,Mozambique,FALSE
icr050354,Topsoil,Mozambique,TRUE
icr050355,Subsoil,Mozambique,TRUE
icr050395,Subsoil,Mozambique,FALSE
icr050415,Subsoil,Mozambique,FALSE
icr050435,Subsoil,Mozambique,FALSE
icr054165,Topsoil,Uganda,FALSE
icr054174,Subsoil,Uganda,FALSE
icr054175,Topsoil,Uganda,TRUE
icr054176,Subsoil,Uganda,TRUE
icr054181,Topsoil,Uganda,TRUE
icr054182,Subsoil,Uganda,TRUE
icr054186,Subsoil,Uganda,FALSE
icr054187,Topsoil,Uganda,FALSE
icr054188,Topsoil,Uganda,TRUE
icr054189,Subsoil,Uganda,TRUE
icr054190,Topsoil,Uganda,TRUE
icr054191,Subsoil,Uganda,TRUE
icr054194,Topsoil,Uganda,FALSE
icr054200,Subsoil,Uganda,FALSE
icr054201,Topsoil,Uganda,TRUE
icr054202,Subsoil,Uganda,TRUE
icr054204,Subsoil,Uganda,FALSE
icr054205,Topsoil,Uganda,FALSE
icr054208,Subsoil,Uganda,FALSE
icr054210,Subsoil,Uganda,FALSE
icr054212,Subsoil,Uganda,FALSE
icr054214,Topsoil,Uganda,FALSE
icr054219,Subsoil,Uganda,FALSE
icr054222,Topsoil,Uganda,FALSE
icr054230,Subsoil,Uganda,FALSE
icr054232,Topsoil,Uganda,FALSE
icr054234,Topsoil,Uganda,TRUE
icr054235,Subsoil,Uganda,TRUE
icr054236,Topsoil,Uganda,FALSE
icr054245,Subsoil,Uganda,FALSE
icr054247,Subsoil,Uganda,FALSE
icr054250,Topsoil,Uganda,FALSE
icr054251,Subsoil,Uganda,FALSE
icr054256,Topsoil,Uganda,TRUE
icr054257,Subsoil,Uganda,TRUE
icr054260,Topsoil,Uganda,FALSE
icr054267,Subsoil,Uganda,FALSE
icr054269,Topsoil,Uganda,TRUE
icr054270,Subsoil,Uganda,TRUE
icr054274,Subsoil,Uganda,FALSE
icr054285,Topsoil,Uganda,TRUE
icr054286,Subsoil,Uganda,TRUE
icr054287,Topsoil,Uganda,TRUE
icr054288,Subsoil,Uganda,TRUE
icr054289,Topsoil,Uganda,FALSE
icr054292,Subsoil,Uganda,FALSE
icr054293,Topsoil,Uganda,FALSE
icr054294,Subsoil,Uganda,FALSE
icr054296,Subsoil,Uganda,FALSE
icr054301,Topsoil,Uganda,TRUE
icr054302,Subsoil,Uganda,TRUE
icr054304,Subsoil,Uganda,FALSE
icr054307,Topsoil,Uganda,TRUE
icr054308,Subsoil,Uganda,TRUE
icr054309,Topsoil,Uganda,TRUE
icr054310,Subsoil,Uganda,TRUE
icr054312,Subsoil,Uganda,FALSE
icr054315,Topsoil,Uganda,TRUE
icr054316,Subsoil,Uganda,TRUE
icr054317,Topsoil,Uganda,FALSE
icr054321,Topsoil,Uganda,FALSE
icr054322,Topsoil,Uganda,TRUE
icr054323,Subsoil,Uganda,TRUE
icr054324,Topsoil,Uganda,FALSE
icr054325,Subsoil,Uganda,FALSE
icr054326,Topsoil,Uganda,FALSE
icr054328,Topsoil,Uganda,FALSE
icr054329,Subsoil,Uganda,FALSE
icr054330,Topsoil,Uganda,FALSE
icr054332,Topsoil,Uganda,FALSE
icr054334,Subsoil,Uganda,FALSE
icr054336,Topsoil,Uganda,FALSE
icr054340,Topsoil,Uganda,FALSE
icr054342,Topsoil,Uganda,FALSE
icr054345,Subsoil,Uganda,FALSE
icr054348,Topsoil,Uganda,FALSE
icr054351,Subsoil,Uganda,FALSE
icr054353,Subsoil,Uganda,FALSE
icr054354,Topsoil,Uganda,FALSE
icr054356,Subsoil,Uganda,FALSE
icr054357,Topsoil,Uganda,FALSE
icr054358,Topsoil,Uganda,FALSE
icr054361,Subsoil,Uganda,FALSE
icr054362,Topsoil,Uganda,FALSE
icr054363,Topsoil,Uganda,TRUE
icr054364,Subsoil,Uganda,TRUE
icr054365,Topsoil,Uganda,FALSE
icr054367,Subsoil,Uganda,FALSE
icr054368,Topsoil,Uganda,FALSE
icr054369,Topsoil,Uganda,FALSE
icr054370,Subsoil,Uganda,FALSE
icr054371,Subsoil,Uganda,FALSE
icr054372,Topsoil,Uganda,TRUE
icr054373,Subsoil,Uganda,TRUE
icr054374,Topsoil,Uganda,FALSE
icr054381,Subsoil,Uganda,FALSE
icr054382,Topsoil,Uganda,FALSE
icr054385,Subsoil,Uganda,FALSE
icr054386,Topsoil,Uganda,FALSE
icr054387,Topsoil,Uganda,TRUE
icr054388,Subsoil,Uganda,TRUE
icr054390,Subsoil,Uganda,FALSE
icr054391,Topsoil,Uganda,FALSE
icr054394,Subsoil,Uganda,FALSE
icr054395,Topsoil,Uganda,TRUE
icr054396,Subsoil,Uganda,TRUE
icr054399,Subsoil,Uganda,FALSE
icr054400,Topsoil,Uganda,FALSE
icr054402,Topsoil,Uganda,TRUE
icr054403,Subsoil,Uganda,TRUE
icr054405,Topsoil,Uganda,FALSE
icr054407,Subsoil,Uganda,FALSE
icr054408,Topsoil,Uganda,FALSE
icr054410,Topsoil,Uganda,TRUE
icr054411,Subsoil,Uganda,TRUE
icr054414,Topsoil,Uganda,FALSE
icr054415,Topsoil,Uganda,TRUE
icr054416,Subsoil,Uganda,TRUE
icr054417,Topsoil,Uganda,FALSE
icr054421,Subsoil,Uganda,FALSE
icr054423,Subsoil,Uganda,FALSE
icr054426,Topsoil,Uganda,TRUE
icr054427,Subsoil,Uganda,TRUE
icr054433,Topsoil,Uganda,TRUE
icr054434,Subsoil,Uganda,TRUE
icr054438,Subsoil,Uganda,FALSE
icr054439,Topsoil,Uganda,FALSE
icr054440,Subsoil,Uganda,FALSE
icr054443,Topsoil,Uganda,FALSE
icr054444,Topsoil,Uganda,FALSE
icr054445,Topsoil,Uganda,TRUE
icr054446,Subsoil,Uganda,TRUE
icr054448,Subsoil,Uganda,FALSE
icr054449,Topsoil,Uganda,TRUE
icr054450,Subsoil,Uganda,TRUE
icr054451,Topsoil,Uganda,FALSE
icr054454,Subsoil,Uganda,FALSE
icr054455,Topsoil,Uganda,FALSE
icr054457,Subsoil,Uganda,FALSE
icr054460,Subsoil,Uganda,FALSE
icr054462,Subsoil,Uganda,FALSE
icr054463,Topsoil,Uganda,FALSE
icr054464,Subsoil,Uganda,FALSE
icr054465,Topsoil,Uganda,FALSE
icr054467,Topsoil,Uganda,FALSE
icr054468,Topsoil,Uganda,FALSE
icr054471,Topsoil,Uganda,FALSE
icr054476,Topsoil,Uganda,FALSE
icr054481,Subsoil,Uganda,FALSE
icr054487,Subsoil,Uganda,FALSE
icr054498,Topsoil,Uganda,FALSE
icr054499,Subsoil,Uganda,FALSE
icr054503,Subsoil,Uganda,FALSE
icr054506,Topsoil,Uganda,FALSE
icr054509,Topsoil,Uganda,FALSE
icr054510,Topsoil,Uganda,FALSE
icr054512,Subsoil,Uganda,FALSE
icr054514,Subsoil,Uganda,FALSE
icr054518,Subsoil,Uganda,FALSE
icr054520,Topsoil,Uganda,FALSE
icr054521,Topsoil,Uganda,FALSE
icr054522,Topsoil,Uganda,FALSE
icr054523,Topsoil,Uganda,TRUE
icr054524,Subsoil,Uganda,TRUE
icr054526,Subsoil,Uganda,FALSE
icr054527,Topsoil,Uganda,FALSE
icr054529,Topsoil,Uganda,FALSE
icr054532,Topsoil,Uganda,FALSE
icr054534,Subsoil,Uganda,FALSE
icr054540,Topsoil,Uganda,FALSE
icr054545,Subsoil,Uganda,FALSE
icr054552,Topsoil,Uganda,FALSE
icr054556,Topsoil,Uganda,TRUE
icr054557,Subsoil,Uganda,TRUE
icr054560,Topsoil,Uganda,FALSE
icr054561,Subsoil,Uganda,FALSE
icr054563,Subsoil,Uganda,FALSE
icr054564,Topsoil,Uganda,FALSE
icr054566,Topsoil,Uganda,FALSE
icr054573,Subsoil,Uganda,FALSE
icr054574,Topsoil,Uganda,TRUE
icr054575,Subsoil,Uganda,TRUE
icr054579,Subsoil,Uganda,FALSE
icr054581,Subsoil,Uganda,FALSE
icr054592,Subsoil,Uganda,FALSE
icr054595,Topsoil,Uganda,FALSE
icr054596,Topsoil,Uganda,FALSE
icr054598,Topsoil,Uganda,FALSE
icr054605,Subsoil,Uganda,FALSE
icr054611,Subsoil,Uganda,FALSE
icr054614,Topsoil,Uganda,FALSE
icr054617,Subsoil,Uganda,FALSE
icr054621,Subsoil,Uganda,FALSE
icr054626,Topsoil,Uganda,FALSE
icr054630,Subsoil,Uganda,FALSE
icr054632,Subsoil,Uganda,FALSE
icr054633,Topsoil,Uganda,FALSE
icr054638,Subsoil,Uganda,FALSE
icr054639,Topsoil,Uganda,FALSE
icr054643,Topsoil,Uganda,TRUE
icr054644,Subsoil,Uganda,TRUE
icr054645,Topsoil,Uganda,FALSE
icr054646,Topsoil,Uganda,FALSE
icr054649,Subsoil,Uganda,FALSE
icr054651,Subsoil,Uganda,FALSE
icr054653,Subsoil,Uganda,FALSE
icr054654,Topsoil,Uganda,FALSE
icr054665,Subsoil,Uganda,FALSE
icr054667,Subsoil,Uganda,FALSE
icr054671,Subsoil,Uganda,FALSE
icr054673,Subsoil,Uganda,FALSE
icr074397,Subsoil,Botswana,FALSE
icr054684,Topsoil,Uganda,FALSE
icr054703,Topsoil,Uganda,FALSE
icr054709,Topsoil,Uganda,TRUE
icr054710,Subsoil,Uganda,TRUE
icr054713,Topsoil,Uganda,FALSE
icr055982,Subsoil,Zambia,FALSE
icr056141,Topsoil,Zambia,FALSE
icr056142,Subsoil,Zambia,FALSE
icr056220,Topsoil,Zambia,FALSE
icr056281,Subsoil,Zambia,FALSE
icr056500,Topsoil,Zambia,TRUE
icr056501,Subsoil,Zambia,TRUE
icr062136,Topsoil,Madagascar,TRUE
icr062137,Subsoil,Madagascar,TRUE
icr062138,Topsoil,Madagascar,FALSE
icr062139,Topsoil,Madagascar,FALSE
icr062141,Topsoil,Madagascar,TRUE
icr062142,Subsoil,Madagascar,TRUE
icr062143,Topsoil,Madagascar,FALSE
icr062145,Topsoil,Madagascar,FALSE
icr062147,Topsoil,Madagascar,TRUE
icr062148,Subsoil,Madagascar,TRUE
icr062149,Topsoil,Madagascar,FALSE
icr062151,Topsoil,Madagascar,TRUE
icr062152,Subsoil,Madagascar,TRUE
icr062153,Topsoil,Madagascar,FALSE
icr062157,Topsoil,Madagascar,TRUE
icr062158,Subsoil,Madagascar,TRUE
icr062159,Topsoil,Madagascar,TRUE
icr062160,Subsoil,Madagascar,TRUE
icr062162,Subsoil,Madagascar,FALSE
icr062164,Subsoil,Madagascar,FALSE
icr062165,Topsoil,Madagascar,TRUE
icr062166,Subsoil,Madagascar,TRUE
icr062167,Topsoil,Madagascar,TRUE
icr062168,Subsoil,Madagascar,TRUE
icr062169,Topsoil,Madagascar,TRUE
icr062170,Subsoil,Madagascar,TRUE
icr062173,Topsoil,Madagascar,FALSE
icr062178,Subsoil,Madagascar,FALSE
icr062179,Topsoil,Madagascar,TRUE
icr062180,Subsoil,Madagascar,TRUE
icr062181,Topsoil,Madagascar,FALSE
icr062182,Subsoil,Madagascar,FALSE
icr062183,Topsoil,Madagascar,TRUE
icr062184,Subsoil,Madagascar,TRUE
icr062186,Subsoil,Madagascar,FALSE
icr062187,Topsoil,Madagascar,TRUE
icr062188,Subsoil,Madagascar,TRUE
icr062190,Subsoil,Madagascar,FALSE
icr062194,Subsoil,Madagascar,FALSE
icr062197,Topsoil,Madagascar,FALSE
icr062199,Topsoil,Madagascar,TRUE
icr062200,Subsoil,Madagascar,TRUE
icr062201,Topsoil,Madagascar,TRUE
icr062202,Subsoil,Madagascar,TRUE
icr062203,Topsoil,Madagascar,TRUE
icr062204,Subsoil,Madagascar,TRUE
icr062206,Subsoil,Madagascar,FALSE
icr062208,Subsoil,Madagascar,FALSE
icr062209,Topsoil,Madagascar,TRUE
icr062210,Subsoil,Madagascar,TRUE
icr062211,Topsoil,Madagascar,TRUE
icr062212,Subsoil,Madagascar,TRUE
icr062213,Topsoil,Madagascar,TRUE
icr062214,Subsoil,Madagascar,TRUE
icr062219,Topsoil,Madagascar,TRUE
icr062220,Subsoil,Madagascar,TRUE
icr062222,Subsoil,Madagascar,FALSE
icr062224,Subsoil,Madagascar,FALSE
icr062227,Topsoil,Madagascar,TRUE
icr062228,Subsoil,Madagascar,TRUE
icr062230,Subsoil,Madagascar,FALSE
icr062231,Topsoil,Madagascar,FALSE
icr062234,Subsoil,Madagascar,FALSE
icr062241,Topsoil,Madagascar,TRUE
icr062242,Subsoil,Madagascar,TRUE
icr062243,Topsoil,Madagascar,TRUE
icr062244,Subsoil,Madagascar,TRUE
icr062246,Subsoil,Madagascar,FALSE
icr062247,Topsoil,Madagascar,TRUE
icr062249,Topsoil,Madagascar,TRUE
icr062250,Subsoil,Madagascar,TRUE
icr062251,Topsoil,Madagascar,TRUE
icr062252,Subsoil,Madagascar,TRUE
icr062253,Topsoil,Madagascar,TRUE
icr062254,Subsoil,Madagascar,TRUE
icr062257,Topsoil,Madagascar,FALSE
icr062259,Topsoil,Madagascar,TRUE
icr062260,Subsoil,Madagascar,TRUE
icr062261,Topsoil,Madagascar,TRUE
icr062262,Subsoil,Madagascar,TRUE
icr062263,Topsoil,Madagascar,TRUE
icr062264,Subsoil,Madagascar,TRUE
icr062265,Topsoil,Madagascar,TRUE
icr062266,Subsoil,Madagascar,TRUE
icr062267,Topsoil,Madagascar,FALSE
icr062270,Subsoil,Madagascar,FALSE
icr062272,Subsoil,Madagascar,FALSE
icr062278,Subsoil,Madagascar,FALSE
icr062279,Subsoil,Madagascar,FALSE
icr062280,Topsoil,Madagascar,FALSE
icr062281,Topsoil,Madagascar,TRUE
icr062282,Subsoil,Madagascar,TRUE
icr062284,Subsoil,Madagascar,FALSE
icr062285,Topsoil,Madagascar,FALSE
icr062287,Topsoil,Madagascar,TRUE
icr062288,Subsoil,Madagascar,TRUE
icr062289,Topsoil,Madagascar,FALSE
icr062291,Subsoil,Madagascar,FALSE
icr062292,Topsoil,Madagascar,FALSE
icr062296,Topsoil,Madagascar,TRUE
icr062297,Subsoil,Madagascar,TRUE
icr062298,Topsoil,Madagascar,TRUE
icr062301,Subsoil,Madagascar,FALSE
icr062302,Topsoil,Madagascar,TRUE
icr062303,Subsoil,Madagascar,TRUE
icr062305,Subsoil,Madagascar,FALSE
icr062306,Topsoil,Madagascar,TRUE
icr062307,Subsoil,Madagascar,TRUE
icr062308,Topsoil,Madagascar,TRUE
icr062309,Subsoil,Madagascar,TRUE
icr062310,Topsoil,Madagascar,FALSE
icr062312,Topsoil,Madagascar,TRUE
icr062313,Subsoil,Madagascar,TRUE
icr062316,Topsoil,Madagascar,TRUE
icr062317,Subsoil,Madagascar,TRUE
icr062318,Topsoil,Madagascar,TRUE
icr062319,Subsoil,Madagascar,TRUE
icr062320,Topsoil,Madagascar,TRUE
icr062321,Subsoil,Madagascar,TRUE
icr062322,Topsoil,Madagascar,TRUE
icr062323,Subsoil,Madagascar,TRUE
icr062324,Topsoil,Madagascar,TRUE
icr062325,Subsoil,Madagascar,TRUE
icr062327,Subsoil,Madagascar,FALSE
icr062330,Topsoil,Madagascar,FALSE
icr062336,Topsoil,Madagascar,TRUE
icr062337,Subsoil,Madagascar,TRUE
icr062338,Topsoil,Madagascar,FALSE
icr062339,Topsoil,Madagascar,TRUE
icr062340,Subsoil,Madagascar,TRUE
icr062343,Topsoil,Madagascar,FALSE
icr062344,Subsoil,Madagascar,FALSE
icr062346,Subsoil,Madagascar,FALSE
icr062347,Topsoil,Madagascar,FALSE
icr062350,Subsoil,Madagascar,FALSE
icr062351,Topsoil,Madagascar,TRUE
icr062352,Subsoil,Madagascar,TRUE
icr062355,Topsoil,Madagascar,TRUE
icr062356,Subsoil,Madagascar,TRUE
icr062357,Topsoil,Madagascar,TRUE
icr062358,Subsoil,Madagascar,TRUE
icr062359,Topsoil,Madagascar,TRUE
icr062360,Subsoil,Madagascar,TRUE
icr062362,Subsoil,Madagascar,FALSE
icr062364,Subsoil,Madagascar,FALSE
icr062365,Topsoil,Madagascar,TRUE
icr062366,Subsoil,Madagascar,TRUE
icr062368,Subsoil,Madagascar,FALSE
icr062369,Topsoil,Madagascar,TRUE
icr062370,Subsoil,Madagascar,TRUE
icr062372,Subsoil,Madagascar,FALSE
icr062375,Topsoil,Madagascar,FALSE
icr062378,Subsoil,Madagascar,FALSE
icr062380,Subsoil,Madagascar,FALSE
icr062381,Topsoil,Madagascar,TRUE
icr062382,Subsoil,Madagascar,TRUE
icr062383,Topsoil,Madagascar,TRUE
icr062384,Subsoil,Madagascar,TRUE
icr062385,Topsoil,Madagascar,FALSE
icr062387,Topsoil,Madagascar,TRUE
icr062388,Subsoil,Madagascar,TRUE
icr062390,Subsoil,Madagascar,FALSE
icr062391,Topsoil,Madagascar,TRUE
icr062392,Subsoil,Madagascar,TRUE
icr062393,Topsoil,Madagascar,TRUE
icr062394,Subsoil,Madagascar,TRUE
icr062398,Subsoil,Madagascar,FALSE
icr062399,Topsoil,Madagascar,TRUE
icr062400,Subsoil,Madagascar,TRUE
icr062402,Subsoil,Madagascar,FALSE
icr062403,Topsoil,Madagascar,TRUE
icr062404,Subsoil,Madagascar,TRUE
icr062405,Topsoil,Madagascar,TRUE
icr062406,Subsoil,Madagascar,TRUE
icr062407,Topsoil,Madagascar,TRUE
icr062408,Subsoil,Madagascar,TRUE
icr062409,Topsoil,Madagascar,TRUE
icr062410,Subsoil,Madagascar,TRUE
icr062411,Topsoil,Madagascar,TRUE
icr062412,Subsoil,Madagascar,TRUE
icr062415,Topsoil,Madagascar,TRUE
icr062416,Subsoil,Madagascar,TRUE
icr062417,Topsoil,Madagascar,TRUE
icr062418,Subsoil,Madagascar,TRUE
icr062421,Topsoil,Madagascar,TRUE
icr062422,Subsoil,Madagascar,TRUE
icr062424,Subsoil,Madagascar,FALSE
icr062425,Topsoil,Madagascar,FALSE
icr062426,Subsoil,Madagascar,FALSE
icr062427,Topsoil,Madagascar,TRUE
icr062428,Subsoil,Madagascar,TRUE
icr062430,Subsoil,Madagascar,FALSE
icr062431,Topsoil,Madagascar,TRUE
icr062432,Subsoil,Madagascar,TRUE
icr062435,Topsoil,Madagascar,TRUE
icr062436,Subsoil,Madagascar,TRUE
icr062437,Topsoil,Madagascar,TRUE
icr062438,Subsoil,Madagascar,TRUE
icr062439,Topsoil,Madagascar,TRUE
icr062440,Subsoil,Madagascar,TRUE
icr062442,Subsoil,Madagascar,FALSE
icr062443,Topsoil,Madagascar,TRUE
icr062444,Subsoil,Madagascar,TRUE
icr062446,Subsoil,Madagascar,FALSE
icr062448,Subsoil,Madagascar,FALSE
icr062451,Topsoil,Madagascar,TRUE
icr062452,Subsoil,Madagascar,TRUE
icr068101,Topsoil,Niger,FALSE
icr068131,Topsoil,Niger,TRUE
icr068132,Subsoil,Niger,TRUE
icr068149,Topsoil,Niger,TRUE
icr068150,Subsoil,Niger,TRUE
icr068161,Topsoil,Niger,TRUE
icr068162,Subsoil,Niger,TRUE
icr068182,Subsoil,Niger,FALSE
icr068199,Topsoil,Niger,FALSE
icr068221,Topsoil,Niger,TRUE
icr068222,Subsoil,Niger,TRUE
icr068265,Topsoil,Niger,FALSE
icr068279,Topsoil,Niger,TRUE
icr068321,Topsoil,Niger,TRUE
icr068322,Subsoil,Niger,TRUE
icr068339,Topsoil,Niger,TRUE
icr068340,Subsoil,Niger,TRUE
icr068361,Topsoil,Niger,TRUE
icr068362,Subsoil,Niger,TRUE
icr068381,Topsoil,Niger,TRUE
icr068382,Subsoil,Niger,TRUE
icr068399,Topsoil,Niger,TRUE
icr068400,Subsoil,Niger,TRUE
icr068419,Topsoil,Nigeria,TRUE
icr068420,Subsoil,Nigeria,TRUE
icr068440,Subsoil,Nigeria,FALSE
icr068500,Subsoil,Nigeria,TRUE
icr068521,Topsoil,Nigeria,TRUE
icr068522,Subsoil,Nigeria,TRUE
icr068539,Topsoil,Nigeria,TRUE
icr068540,Subsoil,Nigeria,TRUE
icr068579,Topsoil,Nigeria,TRUE
icr068580,Subsoil,Nigeria,TRUE
icr068499,Topsoil,Nigeria,TRUE
icr068640,Subsoil,Nigeria,FALSE
icr068663,Subsoil,Nigeria,FALSE
icr068677,Topsoil,Nigeria,TRUE
icr068678,Subsoil,Nigeria,TRUE
icr068717,Topsoil,Nigeria,TRUE
icr068718,Subsoil,Nigeria,TRUE
icr069810,Subsoil,Mali,FALSE
icr069830,Subsoil,Mali,FALSE
icr069849,Topsoil,Mali,FALSE
icr069869,Topsoil,Mali,FALSE
icr069890,Subsoil,Mali,FALSE
icr069929,Topsoil,Mali,FALSE
icr069950,Subsoil,Mali,FALSE
icr069970,Subsoil,Mali,FALSE
icr069990,Subsoil,Mali,FALSE
icr070029,Topsoil,Mali,FALSE
icr070112,Topsoil,Nigeria,FALSE
icr070124,Topsoil,Nigeria,TRUE
icr070125,Subsoil,Nigeria,TRUE
icr070164,Topsoil,Nigeria,FALSE
icr070194,Subsoil,Nigeria,FALSE
icr070202,Topsoil,Nigeria,FALSE
icr070262,Topsoil,Nigeria,TRUE
icr070263,Subsoil,Nigeria,TRUE
icr070277,Subsoil,Nigeria,FALSE
icr070309,Subsoil,Nigeria,FALSE
icr070328,Topsoil,Nigeria,FALSE
icr070349,Subsoil,Nigeria,FALSE
icr070370,Topsoil,Nigeria,TRUE
icr070371,Subsoil,Nigeria,TRUE
icr070386,Topsoil,Nigeria,FALSE
icr072246,Topsoil,Angola,TRUE
icr072247,Subsoil,Angola,TRUE
icr072267,Subsoil,Angola,FALSE
icr072286,Topsoil,Angola,TRUE
icr072287,Subsoil,Angola,TRUE
icr072307,Subsoil,Angola,FALSE
icr072325,Subsoil,Angola,FALSE
icr072365,Topsoil,Angola,TRUE
icr072366,Subsoil,Angola,TRUE
icr072386,Subsoil,Angola,FALSE
icr072405,Topsoil,Angola,FALSE
icr072406,Subsoil,Angola,FALSE
icr072425,Topsoil,Angola,TRUE
icr072426,Subsoil,Angola,TRUE
icr072446,Subsoil,Angola,FALSE
icr072466,Subsoil,Angola,FALSE
icr072486,Subsoil,Angola,FALSE
icr072506,Subsoil,Angola,FALSE
icr072544,Topsoil,Angola,FALSE
icr072596,Topsoil,Angola,TRUE
icr072597,Subsoil,Angola,TRUE
icr072616,Topsoil,Angola,FALSE
icr072637,Subsoil,Angola,FALSE
icr072656,Topsoil,Angola,FALSE
icr072657,Subsoil,Angola,FALSE
icr072677,Subsoil,Angola,FALSE
icr072696,Topsoil,Angola,FALSE
icr072716,Topsoil,Angola,TRUE
icr072717,Subsoil,Angola,TRUE
icr072737,Subsoil,Angola,FALSE
icr072756,Topsoil,Angola,TRUE
icr072757,Subsoil,Angola,TRUE
icr072777,Subsoil,Angola,FALSE
icr072797,Subsoil,Angola,FALSE
icr072816,Topsoil,Angola,TRUE
icr072817,Subsoil,Angola,TRUE
icr072836,Topsoil,Angola,TRUE
icr072837,Subsoil,Angola,TRUE
icr072857,Subsoil,Angola,FALSE
icr072896,Topsoil,Angola,TRUE
icr072897,Subsoil,Angola,TRUE
icr072948,Topsoil,Angola,FALSE
icr072968,Topsoil,Angola,TRUE
icr072969,Subsoil,Angola,TRUE
icr072989,Subsoil,Angola,FALSE
icr073008,Topsoil,Angola,FALSE
icr073028,Topsoil,Angola,FALSE
icr073049,Subsoil,Angola,FALSE
icr073068,Topsoil,Angola,TRUE
icr073069,Subsoil,Angola,TRUE
icr073148,Topsoil,Angola,TRUE
icr073149,Subsoil,Angola,TRUE
icr073168,Topsoil,Angola,TRUE
icr073169,Subsoil,Angola,TRUE
icr073189,Subsoil,Angola,FALSE
icr073208,Topsoil,Angola,FALSE
icr073228,Topsoil,Angola,TRUE
icr073229,Subsoil,Angola,TRUE
icr073249,Subsoil,Angola,FALSE
icr073300,Topsoil,Angola,TRUE
icr073301,Subsoil,Angola,TRUE
icr073320,Topsoil,Angola,FALSE
icr073340,Topsoil,Angola,FALSE
icr073361,Topsoil,Angola,FALSE
icr073362,Subsoil,Angola,FALSE
icr073379,Topsoil,Angola,TRUE
icr073380,Subsoil,Angola,TRUE
icr073399,Topsoil,Angola,FALSE
icr073420,Subsoil,Angola,FALSE
icr073439,Topsoil,Angola,TRUE
icr073440,Subsoil,Angola,TRUE
icr073460,Subsoil,Angola,FALSE
icr073479,Topsoil,Angola,FALSE
icr073500,Subsoil,Angola,FALSE
icr073519,Topsoil,Angola,TRUE
icr073520,Subsoil,Angola,TRUE
icr073539,Topsoil,Angola,FALSE
icr073558,Topsoil,Angola,TRUE
icr073559,Subsoil,Angola,TRUE
icr073578,Topsoil,Angola,TRUE
icr073579,Subsoil,Angola,TRUE
icr073989,Subsoil,Zimbabwe,FALSE
icr074019,Subsoil,Zimbabwe,FALSE
icr074045,Topsoil,Zimbabwe,FALSE
icr074122,Topsoil,Zimbabwe,FALSE
icr074159,Topsoil,Zimbabwe,FALSE
icr074194,Subsoil,Zimbabwe,FALSE
icr074318,Topsoil,Botswana,FALSE
icr074336,Topsoil,Botswana,FALSE
icr074337,Subsoil,Botswana,FALSE
icr074356,Topsoil,Botswana,FALSE
icr074376,Topsoil,Botswana,FALSE
icr074377,Subsoil,Botswana,FALSE
icr074396,Topsoil,Botswana,FALSE
icr074413,Topsoil,Botswana,FALSE
icr074414,Subsoil,Botswana,FALSE
icr074433,Topsoil,Botswana,FALSE
icr074455,Subsoil,Botswana,FALSE
icr074470,Topsoil,Botswana,FALSE
icr074471,Subsoil,Botswana,FALSE
icr074490,Subsoil,Botswana,FALSE
icr074509,Topsoil,Botswana,TRUE
icr074510,Subsoil,Botswana,TRUE
icr074529,Topsoil,Botswana,FALSE
icr074544,Topsoil,Botswana,FALSE
icr074545,Subsoil,Botswana,FALSE
icr074561,Subsoil,Botswana,FALSE
icr074580,Topsoil,Botswana,FALSE
icr074581,Subsoil,Botswana,FALSE
icr074631,Topsoil,Botswana,FALSE
icr074632,Subsoil,Botswana,FALSE
icr074671,Topsoil,Botswana,FALSE
icr074672,Subsoil,Botswana,FALSE
icr074691,Topsoil,Botswana,TRUE
icr074692,Subsoil,Botswana,TRUE
icr074731,Topsoil,Botswana,TRUE
icr074732,Subsoil,Botswana,TRUE
icr074751,Topsoil,Botswana,FALSE
icr074771,Topsoil,Botswana,FALSE
icr074852,Subsoil,Botswana,FALSE
icr074891,Topsoil,Botswana,FALSE
icr074912,Subsoil,Botswana,FALSE
icr074932,Subsoil,Botswana,FALSE
icr074983,Topsoil,Botswana,FALSE
icr074984,Subsoil,Botswana,FALSE
icr075003,Topsoil,Botswana,FALSE
icr075004,Subsoil,Botswana,FALSE
icr075023,Topsoil,Botswana,FALSE
icr075024,Subsoil,Botswana,FALSE
icr075043,Topsoil,Botswana,FALSE
icr075064,Subsoil,Botswana,FALSE
icr075083,Topsoil,Botswana,FALSE
icr075104,Subsoil,Botswana,FALSE
icr075143,Topsoil,Botswana,FALSE
icr075144,Subsoil,Botswana,FALSE
icr075184,Subsoil,Botswana,FALSE
icr075204,Subsoil,Botswana,FALSE
icr075224,Topsoil,Botswana,FALSE
icr075225,Subsoil,Botswana,FALSE
icr075240,Topsoil,Botswana,FALSE
icr075241,Subsoil,Botswana,FALSE
icr075260,Topsoil,Botswana,FALSE
icr075261,Subsoil,Botswana,FALSE
icr075280,Topsoil,Botswana,FALSE
icr075281,Subsoil,Botswana,FALSE
icr075332,Subsoil,Zimbabwe,FALSE
icr075350,Topsoil,Zimbabwe,FALSE
icr075351,Subsoil,Zimbabwe,FALSE
icr075410,Topsoil,Zimbabwe,FALSE
icr075411,Subsoil,Zimbabwe,FALSE
icr075431,Subsoil,Zimbabwe,FALSE
icr075676,Topsoil,Zambia,TRUE
icr075677,Subsoil,Zambia,TRUE
icr075696,Topsoil,Zambia,TRUE
icr075697,Subsoil,Zambia,TRUE
icr075716,Topsoil,Zambia,FALSE
icr075717,Subsoil,Zambia,FALSE
icr075736,Topsoil,Zambia,FALSE
icr075757,Subsoil,Zambia,TRUE
icr075796,Topsoil,Zambia,FALSE
icr075837,Subsoil,Zambia,FALSE
icr075756,Topsoil,Zambia,TRUE
icr075876,Topsoil,Zambia,FALSE
icr075897,Subsoil,Zambia,FALSE
icr075916,Topsoil,Zambia,TRUE
icr075917,Subsoil,Zambia,TRUE
icr076348,Subsoil,Madagascar,FALSE
icr076350,Subsoil,Madagascar,FALSE
icr076352,Subsoil,Madagascar,FALSE
icr076353,Topsoil,Madagascar,TRUE
icr076354,Subsoil,Madagascar,TRUE
icr076355,Topsoil,Madagascar,FALSE
icr076357,Topsoil,Madagascar,TRUE
icr076358,Subsoil,Madagascar,TRUE
icr076359,Topsoil,Madagascar,FALSE
icr076362,Topsoil,Madagascar,TRUE
icr076363,Subsoil,Madagascar,TRUE
icr076365,Subsoil,Madagascar,FALSE
icr076366,Topsoil,Madagascar,FALSE
icr076368,Topsoil,Madagascar,FALSE
icr076369,Subsoil,Madagascar,FALSE
icr076371,Subsoil,Madagascar,FALSE
icr076375,Subsoil,Madagascar,TRUE
icr076377,Subsoil,Madagascar,FALSE
icr076383,Subsoil,Madagascar,FALSE
icr076386,Topsoil,Madagascar,TRUE
icr076387,Subsoil,Madagascar,TRUE
icr076392,Topsoil,Madagascar,FALSE
icr076399,Subsoil,Madagascar,FALSE
icr076400,Topsoil,Madagascar,FALSE
icr076403,Subsoil,Madagascar,FALSE
icr076406,Topsoil,Madagascar,TRUE
icr076407,Subsoil,Madagascar,TRUE
icr076408,Topsoil,Madagascar,FALSE
icr076410,Topsoil,Madagascar,FALSE
icr076412,Topsoil,Madagascar,FALSE
icr076415,Subsoil,Madagascar,FALSE
icr076418,Topsoil,Madagascar,TRUE
icr076419,Subsoil,Madagascar,TRUE
icr076420,Topsoil,Madagascar,FALSE
icr076422,Topsoil,Madagascar,TRUE
icr076423,Subsoil,Madagascar,TRUE
icr076424,Topsoil,Madagascar,FALSE
icr076431,Subsoil,Madagascar,FALSE
icr076439,Subsoil,Madagascar,FALSE
icr076441,Subsoil,Madagascar,FALSE
icr076442,Topsoil,Madagascar,FALSE
icr076446,Topsoil,Madagascar,TRUE
icr076452,Topsoil,Madagascar,FALSE
icr076460,Topsoil,Madagascar,TRUE
icr076461,Subsoil,Madagascar,TRUE
icr076473,Subsoil,Madagascar,FALSE
icr076474,Topsoil,Madagascar,FALSE
icr076478,Topsoil,Madagascar,FALSE
icr076480,Topsoil,Madagascar,TRUE
icr076481,Subsoil,Madagascar,TRUE
icr076483,Subsoil,Madagascar,FALSE
icr076487,Subsoil,Madagascar,FALSE
icr076489,Subsoil,Madagascar,FALSE
icr076490,Topsoil,Madagascar,FALSE
icr076492,Topsoil,Madagascar,FALSE
icr076494,Topsoil,Madagascar,TRUE
icr076495,Subsoil,Madagascar,TRUE
icr076496,Topsoil,Madagascar,FALSE
icr076506,Topsoil,Madagascar,FALSE
icr076508,Topsoil,Madagascar,TRUE
icr076509,Subsoil,Madagascar,TRUE
icr076511,Subsoil,Madagascar,FALSE
icr076512,Topsoil,Madagascar,FALSE
icr076518,Topsoil,Madagascar,TRUE
icr076519,Subsoil,Madagascar,TRUE
icr076523,Subsoil,Madagascar,FALSE
icr076526,Topsoil,Madagascar,FALSE
icr076527,Topsoil,Madagascar,TRUE
icr076528,Subsoil,Madagascar,TRUE
icr076532,Subsoil,Madagascar,FALSE
icr076533,Topsoil,Madagascar,FALSE
icr076547,Topsoil,Madagascar,FALSE
icr076550,Subsoil,Madagascar,FALSE
icr076551,Topsoil,Madagascar,FALSE
icr076555,Topsoil,Madagascar,FALSE
icr076560,Subsoil,Madagascar,FALSE
icr033808,Subsoil,Ethiopia,FALSE
icr076564,Subsoil,Madagascar,FALSE
icr076568,Subsoil,Madagascar,FALSE
icr076569,Topsoil,Madagascar,TRUE
icr076570,Subsoil,Madagascar,TRUE
icr076571,Topsoil,Madagascar,FALSE
icr076573,Topsoil,Madagascar,FALSE
icr076576,Subsoil,Madagascar,FALSE
icr076578,Subsoil,Madagascar,FALSE
icr076589,Topsoil,Madagascar,FALSE
icr076594,Subsoil,Madagascar,FALSE
icr076599,Topsoil,Madagascar,TRUE
icr076600,Subsoil,Madagascar,TRUE
icr076604,Subsoil,Madagascar,FALSE
icr076605,Topsoil,Madagascar,FALSE
icr076607,Topsoil,Madagascar,TRUE
icr076608,Subsoil,Madagascar,TRUE
icr076611,Topsoil,Madagascar,TRUE
icr076613,Topsoil,Madagascar,FALSE
icr076616,Subsoil,Madagascar,FALSE
icr076617,Topsoil,Madagascar,FALSE
icr076620,Subsoil,Madagascar,FALSE
icr076623,Topsoil,Madagascar,FALSE
icr076626,Subsoil,Madagascar,FALSE
icr076627,Topsoil,Madagascar,FALSE
icr076630,Topsoil,Madagascar,FALSE
icr076632,Topsoil,Madagascar,TRUE
icr076633,Subsoil,Madagascar,TRUE
icr076635,Subsoil,Madagascar,FALSE
icr076637,Subsoil,Madagascar,FALSE
icr076638,Topsoil,Madagascar,TRUE
icr076639,Subsoil,Madagascar,TRUE
icr076640,Topsoil,Madagascar,FALSE
icr076643,Subsoil,Madagascar,FALSE
icr076645,Subsoil,Madagascar,FALSE
icr076646,Topsoil,Madagascar,TRUE
icr076647,Subsoil,Madagascar,TRUE
icr076648,Topsoil,Madagascar,FALSE
icr076651,Topsoil,Madagascar,FALSE
icr076655,Topsoil,Madagascar,FALSE
icr012079,Topsoil,Tanzania,FALSE
icr021023,Topsoil,Tanzania,FALSE
icr024870,Topsoil,Tanzania,FALSE
icr024871,Topsoil,Tanzania,FALSE
icr024891,Topsoil,Tanzania,FALSE
icr024923,Topsoil,Tanzania,FALSE
icr024924,Subsoil,Tanzania,FALSE
icr024925,Topsoil,Tanzania,FALSE
icr030029,Subsoil,Ethiopia,FALSE
icr030051,Topsoil,Ethiopia,TRUE
icr030094,Subsoil,Ethiopia,FALSE
icr030096,Subsoil,Ethiopia,FALSE
icr030097,Topsoil,Ethiopia,TRUE
icr030098,Subsoil,Ethiopia,TRUE
icr030101,Topsoil,Ethiopia,FALSE
icr030115,Topsoil,Ethiopia,FALSE
icr030122,Subsoil,Ethiopia,FALSE
icr030123,Topsoil,Ethiopia,TRUE
icr030142,Subsoil,Ethiopia,FALSE
icr030232,Topsoil,Ethiopia,FALSE
icr030335,Topsoil,Ethiopia,FALSE
icr030482,Topsoil,Ethiopia,FALSE
icr033446,Subsoil,Kenya,FALSE
icr033480,Topsoil,Kenya,FALSE
icr033490,Topsoil,Kenya,FALSE
icr033507,Subsoil,Kenya,FALSE
icr033515,Topsoil,Kenya,FALSE
icr033552,Subsoil,Kenya,FALSE
icr033580,Topsoil,Kenya,FALSE
icr033593,Subsoil,Kenya,TRUE
icr037647,Subsoil,Mali,FALSE
icr041643,Topsoil,Kenya,FALSE
icr041659,Topsoil,Kenya,FALSE
icr041696,Subsoil,Kenya,FALSE
icr041699,Topsoil,Kenya,FALSE
icr041702,Subsoil,Kenya,FALSE
icr041750,Subsoil,Kenya,FALSE
icr041751,Topsoil,Kenya,FALSE
icr041816,Subsoil,Kenya,FALSE
icr041884,Topsoil,Kenya,FALSE
icr041887,Subsoil,Kenya,FALSE
icr041888,Topsoil,Kenya,FALSE
icr041892,Topsoil,Kenya,FALSE
icr041916,Subsoil,Kenya,FALSE
icr041935,Topsoil,Kenya,FALSE
icr041944,Subsoil,Kenya,FALSE
icr041946,Subsoil,Kenya,FALSE
icr041949,Topsoil,Kenya,FALSE
icr041952,Subsoil,Kenya,FALSE
icr041987,Topsoil,Kenya,FALSE
icr042024,Topsoil,Kenya,TRUE
icr042049,Subsoil,Kenya,FALSE
icr042099,Subsoil,Kenya,FALSE
icr042116,Subsoil,Kenya,FALSE
icr042152,Topsoil,Kenya,FALSE
icr042170,Topsoil,Kenya,FALSE
icr042189,Topsoil,Kenya,FALSE
icr042205,Subsoil,Kenya,TRUE
icr042228,Subsoil,Kenya,FALSE
icr042238,Subsoil,Kenya,FALSE
icr042239,Topsoil,Kenya,TRUE
icr042240,Subsoil,Kenya,TRUE
icr042241,Topsoil,Kenya,TRUE
icr042242,Subsoil,Kenya,TRUE
icr042243,Topsoil,Kenya,FALSE
icr042245,Topsoil,Kenya,FALSE
icr042246,Subsoil,Kenya,FALSE
icr042248,Subsoil,Kenya,FALSE
icr042249,Topsoil,Kenya,FALSE
icr042252,Subsoil,Kenya,FALSE
icr042253,Topsoil,Kenya,FALSE
icr042258,Subsoil,Kenya,FALSE
icr042260,Subsoil,Kenya,FALSE
icr042262,Subsoil,Kenya,FALSE
icr042263,Topsoil,Kenya,FALSE
icr042265,Topsoil,Kenya,FALSE
icr042266,Subsoil,Kenya,FALSE
icr042267,Topsoil,Kenya,TRUE
icr042268,Subsoil,Kenya,TRUE
icr042271,Topsoil,Kenya,FALSE
icr042273,Topsoil,Kenya,FALSE
icr042275,Topsoil,Kenya,FALSE
icr042279,Topsoil,Kenya,FALSE
icr042280,Topsoil,Kenya,TRUE
icr042281,Subsoil,Kenya,TRUE
icr042282,Topsoil,Kenya,TRUE
icr042283,Subsoil,Kenya,TRUE
icr043348,Subsoil,Guinea,FALSE
icr033878,Topsoil,Ethiopia,FALSE
icr048665,Subsoil,SAfrica,TRUE
icr048704,Topsoil,SAfrica,FALSE
icr048755,Topsoil,SAfrica,FALSE
icr048794,Subsoil,SAfrica,FALSE
icr048825,Subsoil,SAfrica,FALSE
icr048837,Topsoil,SAfrica,TRUE
icr048838,Subsoil,SAfrica,TRUE
icr048900,Subsoil,SAfrica,FALSE
icr048931,Topsoil,SAfrica,FALSE
icr048932,Topsoil,SAfrica,FALSE
icr048942,Topsoil,SAfrica,FALSE
icr048960,Subsoil,SAfrica,FALSE
icr054474,Subsoil,Uganda,FALSE
icr054479,Topsoil,Uganda,FALSE
icr054531,Topsoil,Uganda,FALSE
icr054635,Topsoil,Uganda,FALSE
icr054677,Subsoil,Uganda,FALSE
icr054683,Subsoil,Uganda,FALSE
icr056360,Topsoil,Zambia,FALSE
icr062175,Topsoil,Madagascar,FALSE
icr062195,Topsoil,Madagascar,TRUE
icr062196,Subsoil,Madagascar,TRUE
icr062237,Topsoil,Madagascar,TRUE
icr062238,Subsoil,Madagascar,TRUE
icr062239,Topsoil,Madagascar,FALSE
icr062248,Subsoil,Madagascar,TRUE
icr062276,Subsoil,Madagascar,FALSE
icr062294,Topsoil,Madagascar,TRUE
icr062295,Subsoil,Madagascar,TRUE
icr062299,Subsoil,Madagascar,TRUE
icr062334,Topsoil,Madagascar,FALSE
icr062354,Subsoil,Madagascar,TRUE
icr062395,Topsoil,Madagascar,FALSE
icr068280,Subsoil,Niger,TRUE
icr073128,Topsoil,Angola,FALSE
icr075528,Topsoil,Zimbabwe,FALSE
icr075529,Subsoil,Zimbabwe,FALSE
icr076372,Topsoil,Madagascar,FALSE
icr076374,Topsoil,Madagascar,TRUE
icr076379,Subsoil,Madagascar,FALSE
icr076405,Subsoil,Madagascar,FALSE
icr076445,Subsoil,Madagascar,FALSE
icr076447,Subsoil,Madagascar,TRUE
icr076540,Subsoil,Madagascar,FALSE
icr076612,Subsoil,Madagascar,TRUE
icr076622,Subsoil,Madagascar,FALSE
icr076658,Subsoil,Madagascar,FALSE
icr021074,Subsoil,Tanzania,FALSE
icr005995,Topsoil,Tanzania,FALSE
icr005999,Subsoil,Tanzania,FALSE
icr006027,Topsoil,Tanzania,FALSE
icr006084,Topsoil,Tanzania,FALSE
icr006170,Subsoil,Tanzania,FALSE
icr006744,Topsoil,Tanzania,TRUE
icr007791,Subsoil,Tanzania,FALSE
icr011941,Topsoil,Tanzania,FALSE
icr010535,Topsoil,Mali,FALSE
icr010536,Subsoil,Mali,FALSE
icr011078,Subsoil,Burkina Faso,FALSE
icr011284,Subsoil,Burkina Faso,FALSE
icr015592,Topsoil,Ghana,FALSE
icr016015,Subsoil,Ghana,FALSE
icr020849,Subsoil,Tanzania,TRUE
icr020868,Topsoil,Tanzania,FALSE
icr020901,Subsoil,Tanzania,FALSE
icr020908,Topsoil,Tanzania,TRUE
icr021128,Topsoil,Tanzania,FALSE
icr021142,Subsoil,Tanzania,FALSE
icr030040,Subsoil,Ethiopia,FALSE
icr030070,Subsoil,Ethiopia,FALSE
icr030136,Subsoil,Ethiopia,FALSE
icr030177,Subsoil,Ethiopia,TRUE
icr030214,Topsoil,Ethiopia,TRUE
icr030284,Topsoil,Ethiopia,FALSE
icr030351,Topsoil,Ethiopia,FALSE
icr030393,Topsoil,Ethiopia,FALSE
icr030426,Topsoil,Ethiopia,FALSE
icr030483,Subsoil,Ethiopia,FALSE
icr030515,Topsoil,Ethiopia,FALSE
icr030540,Subsoil,Ethiopia,FALSE
icr033413,Topsoil,Kenya,FALSE
icr033492,Topsoil,Kenya,FALSE
icr033541,Topsoil,Kenya,FALSE
icr033601,Subsoil,Kenya,FALSE
icr033672,Topsoil,Ethiopia,FALSE
icr033673,Subsoil,Ethiopia,FALSE
icr033705,Subsoil,Ethiopia,FALSE
icr033727,Topsoil,Ethiopia,FALSE
icr033752,Topsoil,Ethiopia,FALSE
icr062353,Topsoil,Madagascar,TRUE
