"sample_id","Quartz","Kaolinite","Goethite","K-feldspar","Plagioclase","Smectite (ML)","Organic matter","Halloysite","Mica (Tri)","Gibbsite","Ferrihydrite","Illite","Opal","Glass","Pyroxene","Ilmenite","Amphibole","Hematite","Maghemite","Vermiculite","Dickite","Muscovite","Mica (Di)","Magnetite","Calcite","Magnesite","Rutile","Smectite (Di)","Anatase","Olivine","Anhydrite","Apatite","Ankerite","Glauconite","Corundum","Palygorskite","Humic","Bassanite","Dolomite","Gypsum","Cristobalite","Siderite","Background"
"icr005965",20.4237,NA,5.8453,4.5553,39.6055,NA,3.1464,2.5077,4.1197,NA,3.5693,4.8227,NA,NA,NA,NA,2.2006,0.5793,NA,NA,NA,NA,2.6975,NA,2.5764,NA,NA,NA,NA,NA,0.9571,NA,2.2106,NA,NA,NA,NA,NA,NA,NA,0.182,NA,8e-04
"icr005966",26.4686,NA,4.7464,4.119,38.9771,NA,2.2263,2.7088,5.9744,NA,4.0749,4.3516,NA,NA,NA,NA,1.1201,0.4384,NA,NA,NA,NA,1.6915,NA,0.7149,NA,NA,NA,NA,NA,0.7489,NA,1.4282,NA,NA,NA,NA,NA,NA,NA,0.2102,NA,7e-04
"icr005985",55.1344,NA,3.1864,8.2098,23.4078,1.8702,1.3818,NA,1.3205,NA,NA,4.1969,NA,NA,NA,NA,1.2919,NA,NA,NA,NA,NA,NA,NA,NA,NA,NA,NA,NA,NA,NA,NA,NA,NA,NA,NA,NA,NA,NA,NA,NA,NA,3e-04
"icr005986",27.7351,4.7952,4.1813,6.7246,21.8804,9.4939,3.4202,3.9356,7.8843,NA,2.5011,NA,NA,NA,NA,NA,2.3404,0.5005,NA,NA,NA,NA,NA,NA,4.6071,NA,NA,NA,NA,NA,NA,NA,NA,NA,NA,NA,NA,NA,NA,NA,NA,NA,3e-04
"icr006101",37.6474,NA,4.2647,12.0982,20.3628,2.4961,3.7413,4.8176,3.794,NA,2.2292,2.5477,NA,NA,NA,NA,0.7736,0.4078,NA,NA,NA,NA,2.5681,NA,0.9342,NA,NA,NA,NA,NA,0.523,NA,0.5581,NA,NA,NA,NA,NA,NA,NA,0.236,NA,2e-04
"icr006102",24.4852,NA,6.124,10.8031,25.5511,2.8106,3.7197,5.6645,6.7205,NA,2.1404,3.2613,NA,NA,NA,NA,1.8212,1.1475,NA,NA,NA,NA,2.0465,0.4172,1.2127,NA,NA,NA,NA,NA,0.8003,NA,0.9652,NA,NA,NA,NA,NA,NA,NA,0.3083,NA,6e-04
"icr006121",32.8464,NA,3.8241,8.8731,33.3597,NA,2.9926,5.829,2.7032,NA,2.42,2.6598,NA,NA,NA,NA,0.9348,0.5278,NA,NA,NA,NA,1.729,NA,NA,NA,NA,NA,NA,NA,0.6255,NA,0.6744,NA,NA,NA,NA,NA,NA,NA,NA,NA,7e-04
"icr006122",27.2592,4.5137,4.6489,9.2236,35.3348,NA,3.0836,3.3556,5.4523,NA,0.9998,2.8532,NA,NA,NA,NA,1.0108,0.6538,NA,NA,NA,NA,NA,NA,NA,NA,NA,NA,NA,NA,0.5812,NA,0.7075,NA,NA,NA,NA,NA,NA,NA,0.3214,NA,6e-04
"icr006454",56.8665,NA,NA,7.8019,5.7256,7.067,4.6429,NA,1.4551,NA,1.0519,12.6063,NA,NA,NA,NA,NA,NA,NA,NA,NA,NA,NA,NA,NA,NA,NA,NA,NA,NA,NA,NA,NA,2.7824,NA,NA,NA,NA,NA,NA,NA,NA,5e-04
"icr006455",61.2265,NA,NA,8.2253,5.3849,5.2632,2.6024,NA,2.2744,NA,0.7327,10.0342,NA,NA,NA,NA,NA,NA,NA,NA,NA,NA,NA,NA,1.6545,NA,NA,NA,NA,NA,NA,NA,NA,2.6014,NA,NA,NA,NA,NA,NA,NA,NA,5e-04
"icr006492",62.268,3.7457,3.8285,17.1505,9.8139,NA,NA,NA,2.8571,NA,NA,NA,NA,NA,NA,NA,NA,NA,NA,NA,NA,NA,NA,NA,NA,NA,0.3362,NA,NA,NA,NA,NA,NA,NA,NA,NA,NA,NA,NA,NA,NA,NA,1e-04
"icr006493",78.6313,NA,NA,10.3226,6.2146,NA,2.1432,NA,2.688,NA,NA,NA,NA,NA,NA,NA,NA,NA,NA,NA,NA,NA,NA,NA,NA,NA,NA,NA,NA,NA,NA,NA,NA,NA,NA,NA,NA,NA,NA,NA,NA,NA,3e-04
"icr006530",49.4723,8.7215,4.9445,6.7117,1.9889,NA,2.6472,7.6492,5.2659,NA,2.6641,NA,NA,NA,NA,NA,NA,0.5904,NA,NA,NA,NA,NA,NA,NA,NA,NA,8.3572,0.4291,NA,0.5574,NA,NA,NA,NA,NA,NA,NA,NA,NA,NA,NA,7e-04
"icr006531",97.3451,NA,NA,2.3088,NA,NA,NA,NA,0.346,NA,NA,NA,NA,NA,NA,NA,NA,NA,NA,NA,NA,NA,NA,NA,NA,NA,NA,NA,NA,NA,NA,NA,NA,NA,NA,NA,NA,NA,NA,NA,NA,NA,1e-04
"icr006570",88.5787,2.3913,NA,5.3423,1.0221,NA,0.765,NA,1.9003,NA,NA,NA,NA,NA,NA,NA,NA,NA,NA,NA,NA,NA,NA,NA,NA,NA,NA,NA,NA,NA,NA,NA,NA,NA,NA,NA,NA,NA,NA,NA,NA,NA,3e-04
"icr006571",94.0818,NA,NA,5.1901,NA,NA,NA,NA,0.728,NA,NA,NA,NA,NA,NA,NA,NA,NA,NA,NA,NA,NA,NA,NA,NA,NA,NA,NA,NA,NA,NA,NA,NA,NA,NA,NA,NA,NA,NA,NA,NA,NA,1e-04
"icr006744",72.1321,NA,1.8714,14.3404,4.786,NA,2.4983,NA,4.3717,NA,NA,NA,NA,NA,NA,NA,NA,NA,NA,NA,NA,NA,NA,NA,NA,NA,NA,NA,NA,NA,NA,NA,NA,NA,NA,NA,NA,NA,NA,NA,NA,NA,1e-04
"icr006745",74.9965,3.7122,NA,13.8378,4.2415,NA,1.067,NA,2.1448,NA,NA,NA,NA,NA,NA,NA,NA,NA,NA,NA,NA,NA,NA,NA,NA,NA,NA,NA,NA,NA,NA,NA,NA,NA,NA,NA,NA,NA,NA,NA,NA,NA,2e-04
"icr020848",81.0494,2.3587,NA,5.7076,NA,NA,4.9679,NA,1.0151,NA,NA,NA,NA,4.9014,NA,NA,NA,NA,NA,NA,NA,NA,NA,NA,NA,NA,NA,NA,NA,NA,NA,NA,NA,NA,NA,NA,NA,NA,NA,NA,NA,NA,0
"icr020849",90.0549,NA,NA,3.8537,0.7215,NA,NA,NA,NA,NA,NA,NA,NA,5.37,NA,NA,NA,NA,NA,NA,NA,NA,NA,NA,NA,NA,NA,NA,NA,NA,NA,NA,NA,NA,NA,NA,NA,NA,NA,NA,NA,NA,-1e-04
"icr020888",76.9147,6.1629,NA,10.4234,2.4695,NA,4.0293,NA,NA,NA,NA,NA,NA,NA,NA,NA,NA,NA,NA,NA,NA,NA,NA,NA,NA,NA,NA,NA,NA,NA,NA,NA,NA,NA,NA,NA,NA,NA,NA,NA,NA,NA,1e-04
"icr020889",70.8846,13.4637,2.9452,7.4522,1.4882,NA,1.9287,NA,1.6718,NA,NA,NA,NA,NA,NA,NA,NA,NA,NA,NA,NA,NA,NA,NA,NA,NA,NA,NA,0.1658,NA,NA,NA,NA,NA,NA,NA,NA,NA,NA,NA,NA,NA,-1e-04
"icr020908",51.7087,11.1298,5.231,25.4543,2.7716,NA,1.9412,1.4351,NA,NA,NA,NA,NA,NA,NA,NA,NA,NA,NA,NA,NA,NA,NA,NA,NA,NA,NA,NA,0.3286,NA,NA,NA,NA,NA,NA,NA,NA,NA,NA,NA,NA,NA,-3e-04
"icr020909",50.5084,11.3397,5.9922,26.1557,1.4887,NA,NA,2.4722,1.6853,NA,NA,NA,NA,NA,NA,NA,NA,NA,NA,NA,NA,NA,NA,NA,NA,NA,NA,NA,0.3579,NA,NA,NA,NA,NA,NA,NA,NA,NA,NA,NA,NA,NA,-2e-04
"icr020970",37.8626,NA,3.358,46.4631,4.5852,NA,3.7635,3.7399,NA,NA,NA,NA,NA,NA,NA,NA,NA,NA,NA,NA,NA,NA,NA,NA,NA,NA,NA,NA,0.2276,NA,NA,NA,NA,NA,NA,NA,NA,NA,NA,NA,NA,NA,0
"icr020971",41.5983,NA,4.4253,47.3876,3.4416,NA,2.9103,NA,NA,NA,NA,NA,NA,NA,NA,NA,NA,NA,NA,NA,NA,NA,NA,NA,NA,NA,NA,NA,0.2371,NA,NA,NA,NA,NA,NA,NA,NA,NA,NA,NA,NA,NA,-3e-04
"icr021063",73.0485,6.2384,4.9885,10.5645,1.0359,NA,1.7025,NA,0.5402,NA,1.7199,NA,NA,NA,NA,NA,NA,NA,NA,NA,NA,NA,NA,NA,NA,NA,NA,NA,0.1617,NA,NA,NA,NA,NA,NA,NA,NA,NA,NA,NA,NA,NA,-1e-04
"icr021064",82.6213,3.9831,3.8438,8.129,NA,NA,NA,NA,0.1679,NA,1.2551,NA,NA,NA,NA,NA,NA,NA,NA,NA,NA,NA,NA,NA,NA,NA,NA,NA,NA,NA,NA,NA,NA,NA,NA,NA,NA,NA,NA,NA,NA,NA,-1e-04
"icr021103",92.0695,NA,NA,4.4475,1.7254,NA,1.7576,NA,NA,NA,NA,NA,NA,NA,NA,NA,NA,NA,NA,NA,NA,NA,NA,NA,NA,NA,NA,NA,NA,NA,NA,NA,NA,NA,NA,NA,NA,NA,NA,NA,NA,NA,1e-04
"icr021104",89.6325,NA,NA,5.7543,2.1481,NA,2.4648,NA,NA,NA,NA,NA,NA,NA,NA,NA,NA,NA,NA,NA,NA,NA,NA,NA,NA,NA,NA,NA,NA,NA,NA,NA,NA,NA,NA,NA,NA,NA,NA,NA,NA,NA,2e-04
"icr024956",67.6782,7.2113,3.8744,16.5379,4.0031,NA,0.6951,NA,NA,NA,NA,NA,NA,NA,NA,NA,NA,NA,NA,NA,NA,NA,NA,NA,NA,NA,NA,NA,NA,NA,NA,NA,NA,NA,NA,NA,NA,NA,NA,NA,NA,NA,0
"icr024957",61.2077,6.2372,6.333,14.9341,3.8253,NA,2.074,5.2228,NA,NA,NA,NA,NA,NA,NA,NA,NA,NA,NA,NA,NA,NA,NA,NA,NA,NA,NA,NA,0.1662,NA,NA,NA,NA,NA,NA,NA,NA,NA,NA,NA,NA,NA,-2e-04
"icr024976",93.4142,NA,NA,2.8531,NA,NA,NA,NA,3.7324,NA,NA,NA,NA,NA,NA,NA,NA,NA,NA,NA,NA,NA,NA,NA,NA,NA,NA,NA,NA,NA,NA,NA,NA,NA,NA,NA,NA,NA,NA,NA,NA,NA,3e-04
"icr024977",89.8678,2.5591,NA,3.1674,NA,NA,NA,NA,1.3577,NA,NA,NA,NA,NA,NA,NA,NA,NA,NA,NA,NA,NA,3.0477,NA,NA,NA,NA,NA,NA,NA,NA,NA,NA,NA,NA,NA,NA,NA,NA,NA,NA,NA,2e-04
"icr024994",59.3336,5.2404,6.0728,17.4364,4.1409,NA,1.4398,3.3166,NA,NA,NA,NA,NA,NA,NA,NA,NA,NA,NA,NA,NA,NA,3.0198,NA,NA,NA,NA,NA,NA,NA,NA,NA,NA,NA,NA,NA,NA,NA,NA,NA,NA,NA,-2e-04
"icr024995",63.6929,8.8415,4.286,14.2052,1.8132,NA,NA,2.45,2.5441,NA,NA,NA,NA,NA,NA,NA,NA,NA,NA,NA,NA,NA,2.167,NA,NA,NA,NA,NA,NA,NA,NA,NA,NA,NA,NA,NA,NA,NA,NA,NA,NA,NA,0
"icr030043",2.6398,13.2108,7.2469,1.5334,1.2573,5.4111,9.0671,16.8382,1.6412,0.7583,2.265,6.9351,3.8753,2.5544,2.5722,1.7452,1.2567,2.7378,9.8072,NA,1.787,NA,NA,NA,NA,1.5008,NA,NA,0.9212,NA,1.6421,0.7899,NA,NA,NA,NA,NA,NA,NA,NA,NA,NA,0.006
"icr030044",0.404,13.6934,10.1935,1.2959,1.2896,6.6507,6.469,21.8353,6.2895,NA,1.1706,4.1093,3.6439,NA,NA,1.3018,1.1215,3.2128,9.493,NA,NA,1.8395,NA,0.7572,NA,1.7879,0.2629,NA,0.7618,NA,1.3609,0.7322,NA,NA,NA,NA,NA,NA,0.3177,NA,NA,NA,0.0063
"icr030083",4.668,17.425,8.8562,1.2468,2.4902,5.0645,9.1923,18.8662,NA,0.5223,NA,4.2633,3.2642,NA,1.2279,2.8845,1.5139,3.9005,8.6733,NA,NA,NA,NA,NA,NA,2.1034,NA,NA,0.8737,NA,1.2513,1.0189,NA,NA,NA,NA,NA,NA,0.3165,NA,NA,0.3711,0.006
"icr030084",2.5981,20.1146,11.0629,1.5681,1.1305,3.6979,0.9487,22.0777,1.1453,0.796,NA,5.5836,4.9084,NA,NA,3.0255,1.0867,4.8359,10.4866,NA,NA,NA,NA,NA,NA,2.0245,NA,NA,1.0515,NA,1.1977,0.6522,NA,NA,NA,NA,NA,NA,NA,NA,NA,NA,0.0076
"icr030103",21.2556,4.5564,5.1528,1.1177,23.6321,3.1395,7.0208,NA,8.5508,NA,4.6061,2.0995,NA,NA,NA,NA,1.7863,NA,NA,NA,NA,4.5878,3.1409,NA,0.6665,NA,NA,NA,NA,NA,1.2675,0.4634,2.2598,4.3344,NA,NA,NA,NA,NA,NA,0.3606,NA,0.0015
"icr030104",24.9708,3.5399,4.5026,NA,24.0631,1.8316,5.4565,NA,10.0717,NA,4.2895,2.5572,NA,NA,NA,NA,1.3466,NA,NA,NA,NA,3.7275,4.1029,NA,0.7379,NA,NA,NA,NA,NA,1.128,0.564,2.2037,3.082,NA,1.4352,NA,NA,NA,NA,0.3879,NA,0.0014
"icr030123",39.8483,11.2634,5.4931,6.6002,12.0296,1.479,4.9403,NA,5.8302,NA,3.1254,4.0707,NA,NA,NA,NA,NA,NA,NA,NA,NA,1.0678,3.5388,NA,NA,NA,NA,NA,0.1182,NA,0.5945,NA,NA,NA,NA,NA,NA,NA,NA,NA,NA,NA,4e-04
"icr030124",40.513,12.3786,6.4777,8.445,12.9401,1.7608,4.2459,NA,1.478,NA,2.7419,4.2864,NA,NA,NA,NA,NA,NA,NA,NA,NA,2.2882,2.0114,NA,NA,NA,NA,NA,0.1112,NA,0.3216,NA,NA,NA,NA,NA,NA,NA,NA,NA,NA,NA,3e-04
"icr030143",27.9115,12.5373,6.9114,3.8854,1.1708,12.3466,12.5501,4.6494,2.8275,NA,4.1439,NA,2.2589,NA,NA,1.2847,NA,0.6619,4.9322,NA,NA,NA,NA,0.3407,NA,0.8972,NA,NA,0.2576,NA,0.4301,NA,NA,NA,NA,NA,NA,NA,NA,NA,NA,NA,0.0028
"icr030144",33.289,8.8674,8.6301,3.8129,1.3387,15.6515,4.4316,8.5433,NA,0.5104,2.826,NA,3.0542,NA,NA,1.4177,NA,0.7297,4.1203,NA,1.6727,NA,NA,NA,NA,0.8109,NA,NA,0.2911,NA,NA,NA,NA,NA,NA,NA,NA,NA,NA,NA,NA,NA,0.0024
"icr030163",2.671,11.0266,10.2598,3.1276,2.3359,13.3104,18.5166,10.0259,NA,NA,3.1492,NA,3.7982,6.7921,0.9104,2.2996,2.0577,1.3171,2.3697,NA,NA,NA,NA,1.2605,0.5435,0.8559,0.4337,NA,0.8632,NA,1.1448,0.9265,NA,NA,NA,NA,NA,NA,NA,NA,NA,NA,0.004
"icr030164",12.3339,15.3365,NA,NA,NA,54.8446,NA,NA,NA,0.6452,NA,NA,5.8761,NA,NA,1.0328,NA,NA,NA,8.3178,NA,NA,NA,NA,NA,0.9752,NA,NA,0.637,NA,NA,NA,NA,NA,NA,NA,NA,NA,NA,NA,NA,NA,9e-04
"icr030183",24.7313,6.7425,6.8366,0.8673,14.0112,2.4413,5.2148,NA,5.0741,NA,5.3551,5.6084,2.4105,NA,NA,NA,1.6125,NA,NA,1.5497,NA,4.7966,3.9278,NA,1.2238,NA,NA,NA,0.312,NA,1.5906,0.5202,2.1935,2.8252,NA,NA,NA,NA,NA,NA,0.1529,NA,0.002
"icr030184",19.6816,6.689,7.3097,1.6324,14.5963,2.2288,2.8115,NA,13.1755,NA,4.7987,6.3998,1.8654,NA,NA,NA,NA,0.4902,NA,1.6026,NA,3.5026,3.3247,NA,1.2686,NA,NA,NA,0.3323,NA,1.7885,0.6835,2.5791,2.9061,NA,NA,NA,NA,NA,NA,0.3306,NA,0.0025
"icr030200",8.9091,21.1343,9.262,0.8957,1.3227,3.3045,3.7927,17.2676,1.5296,NA,NA,7.5535,4.017,NA,NA,0.7847,1.0129,4.2214,9.0954,NA,NA,NA,NA,NA,NA,1.8275,0.4577,NA,0.9479,NA,1.4171,0.7839,NA,NA,NA,NA,NA,NA,0.4568,NA,NA,NA,0.006
"icr030201",7.1046,19.8685,8.9031,1.2847,1.6366,4.6967,12.0301,13.7572,NA,0.5339,NA,7.0466,3.0922,NA,NA,NA,1.2118,3.9525,9.1816,NA,NA,NA,NA,NA,NA,2.1291,0.2602,NA,0.7321,NA,1.2748,0.8154,NA,NA,NA,NA,NA,NA,NA,NA,NA,0.4832,0.0051
"icr030258",40.4657,5.1971,4.0939,9.926,19.6169,0.891,5.9941,NA,2.0091,NA,3.3253,3.7706,NA,NA,NA,NA,NA,NA,NA,NA,NA,NA,3.3928,NA,NA,NA,NA,NA,0.1595,NA,0.6004,NA,0.3727,NA,NA,NA,NA,NA,NA,NA,0.1848,NA,1e-04
"icr030259",33.9226,4.4003,4.5816,13.6708,27.185,0.8389,3.9867,NA,NA,NA,1.4682,4.4572,NA,NA,NA,NA,NA,0.4037,NA,NA,NA,NA,4.3935,NA,NA,NA,NA,NA,NA,NA,0.6914,NA,NA,NA,NA,NA,NA,NA,NA,NA,NA,NA,1e-04
"icr030276",18.4687,3.9177,6.0911,1.4879,14.7409,5.9402,4.4826,8.6324,3.162,NA,8.376,4.305,3.2135,NA,NA,NA,4.1472,0.5955,NA,5.5155,NA,NA,NA,NA,0.9153,0.8641,NA,NA,0.1532,NA,1.238,0.6076,2.9788,NA,NA,NA,NA,NA,NA,NA,0.1635,NA,0.0033
"icr030277",12.0105,4.2236,7.1031,1.419,14.1485,7.4995,4.9631,9.8373,4.5853,NA,9.4741,4.5225,3.94,NA,NA,NA,3.4442,0.6956,NA,5.3024,NA,NA,NA,NA,0.9656,0.8251,NA,NA,0.1342,NA,1.4385,0.6886,2.7758,NA,NA,NA,NA,NA,NA,NA,NA,NA,0.0035
"icr030296",26.1235,8.1654,3.7738,1.9728,11.0468,2.916,12.7115,3.2555,4.9875,NA,4.7731,8.2762,2.4669,NA,NA,NA,NA,0.9636,NA,NA,NA,NA,5.2119,NA,0.5852,NA,NA,NA,0.2591,NA,1.2991,NA,1.2103,NA,NA,NA,NA,NA,NA,NA,NA,NA,0.0017
"icr030297",21.1133,8.6162,5.4264,2.3006,10.6539,4.1193,9.1305,6.0652,4.9839,NA,5.5229,8.1727,2.9368,NA,NA,NA,NA,1.1223,NA,NA,NA,1.9312,3.6423,NA,0.6937,0.5931,NA,NA,0.3725,NA,1.3648,NA,1.2366,NA,NA,NA,NA,NA,NA,NA,NA,NA,0.0018
"icr030316",22.0513,5.4312,7.3786,2.5216,16.975,2.0771,9.9188,NA,11.0205,NA,4.6246,5.382,NA,NA,NA,NA,1.538,NA,NA,NA,NA,NA,NA,NA,1.1157,NA,NA,NA,0.2451,NA,1.9265,0.6291,2.6428,4.0485,NA,NA,NA,NA,NA,NA,0.4719,NA,0.0017
"icr030317",22.6566,5.2489,8.2715,2.4416,15.3789,1.344,5.4012,NA,12.2407,NA,5.9973,4.9053,NA,4.37,NA,NA,NA,NA,NA,NA,NA,NA,NA,NA,1.015,NA,NA,NA,0.1848,NA,1.8013,0.6783,2.9397,3.3019,NA,1.4484,NA,NA,NA,NA,0.3726,NA,0.002
"icr033407",26.8093,NA,NA,7.6674,14.611,32.7288,NA,NA,4.5171,NA,3.4316,3.1815,NA,NA,NA,0.8713,2.0137,0.4268,NA,NA,NA,NA,NA,NA,3.0708,0.672,NA,NA,NA,NA,NA,NA,NA,NA,NA,NA,NA,NA,NA,NA,NA,NA,-0.0011
"icr033408",18.9593,NA,NA,6.1891,12.671,36.3817,NA,NA,5.9053,NA,2.2429,3.8133,NA,NA,NA,NA,1.2048,0.5813,NA,NA,NA,NA,NA,NA,2.9836,0.9949,NA,NA,NA,NA,NA,NA,NA,NA,NA,1.5308,NA,NA,0.6199,5.9234,NA,NA,-0.0014
"icr033525",74.7689,NA,NA,4.9287,7.6951,10.5063,NA,NA,NA,NA,0.8315,NA,NA,NA,NA,NA,NA,NA,NA,NA,NA,NA,NA,NA,1.2701,NA,NA,NA,NA,NA,NA,NA,NA,NA,NA,NA,NA,NA,NA,NA,NA,NA,-6e-04
"icr033526",62.1181,NA,NA,6.5092,10.206,15.0758,NA,NA,1.1566,NA,NA,NA,NA,NA,NA,0.7683,NA,NA,NA,NA,NA,NA,NA,NA,1.4773,NA,NA,2.6896,NA,NA,NA,NA,NA,NA,NA,NA,NA,NA,NA,NA,NA,NA,-9e-04
"icr033582",6.6333,6.2489,7.4287,7.9668,21.4448,14.3881,5.4201,8.0312,4.1808,NA,4.1246,2.1621,1.6526,NA,1.1987,NA,4.3352,0.5421,NA,NA,1.2885,NA,NA,NA,0.6823,0.6823,0.3547,NA,0.2364,NA,NA,0.5984,0.3984,NA,NA,NA,NA,NA,NA,NA,NA,NA,0.0012
"icr033583",8.2603,5.8647,8.2346,9.2162,23.3043,11.2421,5.4103,9.1906,7.6496,NA,2.6788,NA,NA,NA,1.3629,0.6637,5.4641,0.7621,NA,NA,NA,NA,NA,NA,NA,0.5231,NA,NA,0.1717,NA,NA,NA,NA,NA,NA,NA,NA,NA,NA,NA,NA,NA,0.001
"icr033621",24.9696,NA,6.3481,8.9712,16.6636,9.6253,NA,NA,4.848,NA,NA,3.3367,NA,NA,8.5778,1.0826,2.9359,NA,NA,NA,NA,NA,NA,NA,7.3958,NA,NA,NA,NA,5.0724,NA,NA,NA,NA,NA,NA,NA,NA,NA,NA,0.1719,NA,8e-04
"icr033622",23.4134,NA,7.4208,7.7662,16.1401,11.5522,1.8815,NA,NA,NA,NA,5.4273,NA,NA,7.1588,0.9223,3.194,NA,NA,NA,NA,NA,NA,0.3854,10.5178,NA,NA,NA,NA,4.2195,NA,NA,NA,NA,NA,NA,NA,NA,NA,NA,NA,NA,4e-04
"icr033656",18.7833,NA,5.8015,7.8535,24.6398,21.476,5.0461,NA,NA,NA,2.4082,3.0877,NA,NA,3.5778,1.0878,2.0237,0.7747,NA,NA,NA,NA,NA,0.6923,0.4169,NA,NA,NA,0.1844,NA,NA,NA,NA,NA,NA,1.9011,NA,NA,NA,NA,0.2446,NA,4e-04
"icr033657",17.38,NA,4.7392,7.3012,23.565,23.119,3.1042,NA,NA,NA,0.6938,4.6312,NA,NA,3.2444,1.0964,2.1295,0.692,NA,NA,NA,NA,NA,0.6782,3.801,NA,NA,NA,NA,1.2392,NA,NA,NA,NA,NA,2.1018,NA,NA,0.4833,NA,NA,NA,6e-04
"icr033811",16.2898,2.0829,6.2395,8.1213,15.8705,33.357,3.8664,NA,NA,NA,2.2644,4.0598,NA,NA,3.6655,0.967,0.8919,0.8789,NA,NA,NA,NA,NA,NA,1.2718,NA,NA,NA,0.1733,NA,NA,NA,NA,NA,NA,NA,NA,NA,NA,NA,NA,NA,0
"icr033812",14.2263,NA,6.9595,6.5979,13.2509,36.127,5.319,NA,NA,NA,2.4378,4.4117,NA,NA,3.4505,NA,1.0064,0.8626,NA,NA,NA,NA,NA,NA,3.7493,0.7618,NA,NA,0.2744,NA,NA,NA,NA,NA,NA,NA,NA,0.5656,NA,NA,NA,NA,-4e-04
"icr037453",86.5838,8.4369,3.551,NA,NA,NA,NA,NA,0.125,NA,1.3033,NA,NA,NA,NA,NA,NA,NA,NA,NA,NA,NA,NA,NA,NA,NA,NA,NA,NA,NA,NA,NA,NA,NA,NA,NA,NA,NA,NA,NA,NA,NA,0
"icr037454",77.1999,13.0618,5.0242,NA,NA,NA,NA,NA,2.1807,NA,2.4116,NA,NA,NA,NA,NA,NA,NA,NA,NA,NA,NA,NA,NA,NA,NA,NA,NA,0.1218,NA,NA,NA,NA,NA,NA,NA,NA,NA,NA,NA,NA,NA,-1e-04
"icr037531",85.2212,6.0186,2.6202,NA,NA,NA,1.2347,NA,4.206,NA,NA,NA,NA,NA,NA,NA,NA,0.5535,NA,NA,NA,NA,NA,NA,NA,NA,NA,NA,0.1457,NA,NA,NA,NA,NA,NA,NA,NA,NA,NA,NA,NA,NA,2e-04
"icr037532",78.8626,10.7961,3.7064,NA,NA,NA,NA,NA,4.5905,NA,1.2669,NA,NA,NA,NA,NA,NA,0.6283,NA,NA,NA,NA,NA,NA,NA,NA,NA,NA,0.1491,NA,NA,NA,NA,NA,NA,NA,NA,NA,NA,NA,NA,NA,2e-04
"icr037574",90.4191,6.5283,1.5928,NA,NA,NA,NA,NA,0.3565,NA,0.5886,NA,NA,NA,NA,NA,NA,0.5144,NA,NA,NA,NA,NA,NA,NA,NA,NA,NA,NA,NA,NA,NA,NA,NA,NA,NA,NA,NA,NA,NA,NA,NA,2e-04
"icr037575",90.4536,4.7567,2.1923,NA,NA,NA,NA,NA,0.8255,NA,1.772,NA,NA,NA,NA,NA,NA,NA,NA,NA,NA,NA,NA,NA,NA,NA,NA,NA,NA,NA,NA,NA,NA,NA,NA,NA,NA,NA,NA,NA,NA,NA,0
"icr037927",28.8485,14.2937,8.2563,11.7416,3.2073,2.1021,7.1022,6.4004,2.1095,3.0361,7.2067,NA,2.6954,NA,NA,NA,NA,1.0631,NA,NA,NA,NA,NA,NA,NA,0.785,NA,NA,0.5127,NA,0.6375,NA,NA,NA,NA,NA,NA,NA,NA,NA,NA,NA,0.0017
"icr037928",34.5454,12.6335,8.7741,13.8391,4.2817,2.3064,4.1624,5.508,NA,2.9751,3.6074,NA,2.1156,NA,NA,0.8601,0.768,0.5196,2.0382,NA,NA,NA,NA,NA,NA,NA,NA,NA,0.4846,NA,0.5796,NA,NA,NA,NA,NA,NA,NA,NA,NA,NA,NA,0.0013
"icr037986",8.0098,9.5781,22.2039,1.2164,0.8604,NA,NA,14.6063,NA,11.8006,NA,6.2978,3.8623,NA,1.4192,NA,1.7392,3.6549,5.9859,NA,1.8427,NA,NA,0.5848,NA,2.0448,0.6293,NA,1.5083,NA,1.2812,0.8682,NA,NA,NA,NA,NA,NA,NA,NA,NA,NA,0.006
"icr037987",7.1613,18.0591,17.272,1.0172,NA,NA,NA,10.6005,NA,13.3013,NA,5.4604,5.2327,NA,1.5798,0.8248,1.0275,3.4077,8.4261,NA,NA,NA,NA,0.9529,NA,1.7669,0.3061,NA,1.4136,NA,1.176,1.0072,NA,NA,NA,NA,NA,NA,NA,NA,NA,NA,0.0069
"icr038138",2.432,NA,4.0157,9.2351,19.295,26.4586,NA,5.6227,NA,NA,NA,NA,6.3665,NA,4.7067,4.3913,2.1322,NA,NA,8.0785,NA,NA,NA,1.4992,0.804,1.0255,0.9456,NA,NA,1.2438,NA,NA,0.5978,NA,NA,NA,NA,1.1474,NA,NA,NA,NA,0.0025
"icr038139",2.6532,NA,5.7643,6.5635,21.0858,23.4231,2.7863,5.5737,NA,NA,NA,NA,4.6737,NA,4.3981,3.8221,1.9583,NA,1.7918,9.3535,NA,NA,NA,1.2454,0.9207,1.4852,0.4835,NA,NA,NA,NA,0.7845,0.3057,NA,NA,NA,NA,0.9254,NA,NA,NA,NA,0.0022
"icr038216",2.0221,NA,7.7864,7.5192,9.8859,29.7513,NA,15.9894,NA,NA,NA,NA,3.9279,NA,4.9387,1.004,1.4051,0.459,NA,8.8954,NA,NA,NA,3.969,0.6642,0.8376,NA,NA,0.1446,NA,NA,0.7965,NA,NA,NA,NA,NA,NA,NA,NA,NA,NA,0.0038
"icr038234",2.0971,NA,NA,4.8439,17.3489,31.6543,NA,NA,NA,NA,NA,NA,5.4747,NA,3.3321,3.2406,0.8762,NA,NA,23.5555,NA,NA,NA,1.0206,0.9845,2.4336,NA,NA,NA,1.0897,NA,1.1005,NA,NA,NA,NA,NA,0.9446,NA,NA,NA,NA,0.0032
"icr038235",1.6782,NA,NA,5.51,16.4654,32.5237,NA,NA,NA,NA,NA,NA,5.9041,NA,3.9532,3.5726,NA,NA,2.9913,21.3661,NA,NA,NA,0.787,0.7554,2.2322,NA,NA,NA,NA,NA,1.1571,NA,NA,NA,NA,NA,0.6306,NA,0.4697,NA,NA,0.0032
"icr038305",NA,NA,NA,10.7722,25.676,33.4818,NA,NA,NA,NA,NA,NA,4.2388,NA,3.2237,1.7582,NA,0.5422,NA,12.3438,NA,NA,NA,0.4083,0.8389,1.2882,0.9534,NA,NA,1.631,NA,1.7641,0.3582,NA,NA,NA,NA,0.7205,NA,NA,NA,NA,5e-04
"icr038306",NA,NA,NA,8.7192,25.3275,38.8469,NA,NA,NA,NA,NA,NA,3.4664,NA,4.1249,1.6064,NA,0.6162,NA,11.5702,NA,NA,NA,0.3732,0.9461,1.4388,0.7845,NA,NA,NA,NA,2.1796,NA,NA,NA,NA,NA,NA,NA,NA,NA,NA,1e-04
"icr041679",47.1607,NA,2.8367,9.9452,6.118,10.06,4.51,NA,5.0317,NA,1.8893,11.487,NA,NA,NA,NA,0.7663,NA,NA,NA,NA,NA,NA,NA,NA,NA,NA,NA,0.1953,NA,NA,NA,NA,NA,NA,NA,NA,NA,NA,NA,NA,NA,-1e-04
"icr041680",39.6118,NA,2.9957,8.5837,5.9656,14.5227,3.8892,NA,NA,NA,2.3108,10.062,NA,NA,NA,NA,NA,NA,NA,NA,NA,NA,NA,NA,NA,NA,NA,11.907,0.1515,NA,NA,NA,NA,NA,NA,NA,NA,NA,NA,NA,NA,NA,0
"icr041779",51.1919,NA,2.2856,10.4329,9.2358,8.8919,3.5794,NA,2.7613,NA,1.1462,9.5878,NA,NA,NA,0.8872,NA,NA,NA,NA,NA,NA,NA,NA,NA,NA,NA,NA,NA,NA,NA,NA,NA,NA,NA,NA,NA,NA,NA,NA,NA,NA,-1e-04
"icr041780",44.3521,NA,3.3488,9.4272,9.532,10.4775,5.0751,NA,1.5007,NA,1.0342,12.104,NA,NA,NA,0.8109,NA,NA,NA,NA,NA,NA,NA,NA,NA,NA,NA,NA,NA,NA,NA,NA,NA,2.3379,NA,NA,NA,NA,NA,NA,NA,NA,-2e-04
"icr041898",72.9768,1.7163,NA,NA,1.916,19.9315,NA,NA,2.9286,NA,0.5319,NA,NA,NA,NA,NA,NA,NA,NA,NA,NA,NA,NA,NA,NA,NA,NA,NA,NA,NA,NA,NA,NA,NA,NA,NA,NA,NA,NA,NA,NA,NA,-0.0011
"icr041899",67.2507,7.6909,3.8184,NA,1.4797,2.4045,1.612,NA,4.1527,NA,2.279,9.1222,NA,NA,NA,NA,NA,NA,NA,NA,NA,NA,NA,NA,NA,NA,NA,NA,0.19,NA,NA,NA,NA,NA,NA,NA,NA,NA,NA,NA,NA,NA,0
"icr041987",23.2716,2.1008,NA,6.6473,6.2749,9.0563,13.4857,NA,NA,NA,NA,NA,1.9722,27.6551,NA,NA,NA,NA,NA,NA,NA,NA,NA,NA,NA,NA,NA,8.962,NA,NA,NA,0.5739,NA,NA,NA,NA,NA,NA,NA,NA,NA,NA,3e-04
"icr041988",19.152,2.59,NA,8.346,7.4839,13.0307,14.1299,NA,NA,NA,NA,NA,2.2419,20.4411,NA,NA,1.2686,NA,NA,NA,NA,NA,NA,NA,NA,NA,0.3175,10.2069,NA,NA,NA,0.7912,NA,NA,NA,NA,NA,NA,NA,NA,NA,NA,3e-04
"icr042024",57.15,NA,NA,8.3211,2.2328,4.0767,10.235,4.1478,NA,NA,NA,NA,2.1806,10.1925,NA,0.8261,NA,NA,NA,NA,NA,NA,NA,NA,NA,NA,0.637,NA,NA,NA,NA,NA,NA,NA,NA,NA,NA,NA,NA,NA,NA,NA,4e-04
"icr042025",49.9236,NA,NA,9.3971,2.31,5.0806,11.2707,5.6215,NA,NA,0.8048,NA,2.4709,9.5994,NA,1.0146,NA,NA,NA,NA,NA,NA,1.7472,NA,NA,NA,0.7591,NA,NA,NA,NA,NA,NA,NA,NA,NA,NA,NA,NA,NA,NA,NA,5e-04
"icr042062",32.2425,6.482,5.0433,9.1318,3.9526,3.2271,8.5729,8.0668,NA,NA,3.5607,NA,2.0434,NA,NA,1.2172,0.9206,1.2983,NA,NA,1.2652,NA,NA,NA,NA,0.5192,0.8436,11.2364,0.3745,NA,NA,NA,NA,NA,NA,NA,NA,NA,NA,NA,NA,NA,0.0018
"icr042063",32.3921,5.8092,4.1192,9.0295,3.9432,3.6011,8.0816,13.1799,NA,NA,3.4542,3.1978,4.464,NA,NA,1.158,0.997,1.3571,NA,NA,NA,2.8532,NA,NA,NA,NA,1.2145,NA,0.2994,NA,0.4116,0.4352,NA,NA,NA,NA,NA,NA,NA,NA,NA,NA,0.002
"icr042078",46.5184,NA,NA,5.3052,6.7683,28.3945,NA,NA,NA,NA,NA,NA,5.8218,NA,NA,0.6108,NA,NA,NA,5.5692,NA,NA,NA,NA,0.4434,NA,0.5694,NA,NA,NA,NA,NA,NA,NA,NA,NA,NA,NA,NA,NA,NA,NA,-0.001
"icr042079",40.9655,NA,NA,6.2062,5.2988,38.9829,NA,NA,NA,NA,NA,NA,NA,NA,NA,NA,NA,NA,NA,5.9371,NA,NA,NA,NA,1.6845,NA,0.5557,NA,NA,NA,NA,NA,NA,NA,NA,NA,NA,NA,NA,NA,0.3713,NA,-0.002
"icr042098",62.6668,NA,NA,4.3889,1.7104,24.8504,NA,NA,NA,NA,NA,NA,2.6337,NA,NA,NA,NA,NA,NA,2.9099,NA,NA,NA,NA,0.3993,NA,0.4416,NA,NA,NA,NA,NA,NA,NA,NA,NA,NA,NA,NA,NA,NA,NA,-9e-04
"icr042099",53.7752,NA,NA,4.5189,2.7791,26.9705,NA,NA,NA,NA,NA,NA,4.7933,NA,NA,NA,NA,NA,NA,4.8174,NA,NA,NA,NA,1.2784,0.6261,0.442,NA,NA,NA,NA,NA,NA,NA,NA,NA,NA,NA,NA,NA,NA,NA,-8e-04
"icr042115",24.1354,7.4639,4.7654,9.2245,3.126,1.5874,10.9791,10.4495,8.3728,NA,2.5051,3.8581,2.3922,NA,NA,0.8867,1.1755,1.3617,2.1991,NA,NA,NA,1.9017,NA,NA,0.7364,0.9224,NA,0.3053,NA,0.5107,0.7506,NA,NA,NA,NA,NA,NA,0.3884,NA,NA,NA,0.0021
"icr042116",22.6951,7.2969,7.0305,8.9955,2.7603,2.7356,5.0879,15.5788,4.6741,NA,2.3367,6.6747,3.7084,NA,NA,0.7549,0.9471,1.6847,3.3462,NA,NA,NA,NA,NA,NA,0.726,1.0173,NA,0.409,NA,1.0811,0.4566,NA,NA,NA,NA,NA,NA,NA,NA,NA,NA,0.0026
"icr042134",30.9956,4.3794,NA,12.8627,5.377,5.269,14.6893,8.3598,1.1487,NA,2.4133,1.9776,3.6609,NA,NA,1.2837,1.644,1.09,NA,NA,NA,2.5415,NA,NA,NA,NA,1.0114,NA,0.2414,NA,0.4995,0.5536,NA,NA,NA,NA,NA,NA,NA,NA,NA,NA,0.0018
"icr042135",30.4531,4.6592,2.0108,11.453,5.4461,6.4843,9.5693,11.9824,NA,NA,3.83,2.1071,3.6886,NA,NA,1.0864,1.224,1.1907,NA,NA,NA,2.771,NA,NA,NA,NA,1.3087,NA,0.3215,NA,0.4119,NA,NA,NA,NA,NA,NA,NA,NA,NA,NA,NA,0.0019
"icr042189",23.7031,2.9158,6.0521,8.3836,3.1647,4.0628,11.2502,13.9484,0.473,NA,7.9574,3.7405,4.5468,NA,NA,1.1239,0.9635,1.907,NA,NA,2.2476,NA,NA,NA,NA,0.6651,1.2806,NA,0.4745,NA,0.7047,0.4318,NA,NA,NA,NA,NA,NA,NA,NA,NA,NA,0.0032
"icr042190",17.9366,9.9069,6.3485,9.0183,2.8532,5.5505,7.4085,11.7227,NA,NA,3.5043,2.1572,3.7532,NA,NA,1.0225,1.0865,1.8537,1.8579,NA,NA,2.0748,NA,0.4781,NA,0.7878,1.6385,NA,0.302,NA,0.6509,0.8369,0.4025,NA,NA,NA,6.8451,NA,NA,NA,NA,NA,0.0028
"icr042227",42.5829,5.8252,5.6767,7.9124,19.729,7.9994,NA,NA,NA,NA,3.5317,NA,NA,NA,NA,NA,NA,2.2268,NA,NA,NA,NA,4.5158,NA,NA,NA,NA,NA,NA,NA,NA,NA,NA,NA,NA,NA,NA,NA,NA,NA,NA,NA,3e-04
"icr042228",48.9951,4.6232,6.9471,6.8237,17.0157,7.7379,NA,NA,NA,NA,1.4769,NA,NA,NA,NA,NA,NA,2.0034,NA,NA,1.2226,NA,3.1545,NA,NA,NA,NA,NA,NA,NA,NA,NA,NA,NA,NA,NA,NA,NA,NA,NA,NA,NA,0
"icr042265",77.552,NA,NA,3.8317,6.3076,4.4404,5.1305,NA,2.3074,NA,NA,NA,NA,NA,NA,NA,NA,NA,NA,NA,NA,NA,NA,NA,NA,NA,0.4305,NA,NA,NA,NA,NA,NA,NA,NA,NA,NA,NA,NA,NA,NA,NA,0
"icr042266",63.1513,NA,NA,2.639,3.1341,16.808,3.0099,6.3476,2.1796,NA,NA,NA,2.0647,NA,NA,NA,NA,NA,NA,NA,NA,NA,NA,NA,0.4076,NA,0.2583,NA,NA,NA,NA,NA,NA,NA,NA,NA,NA,NA,NA,NA,NA,NA,0
"icr048664",47.0949,2.9765,6.1895,16.6049,6.1661,1.7874,3.9598,3.9043,4.0466,NA,3.3213,3.3008,NA,NA,NA,NA,NA,NA,NA,NA,NA,NA,NA,NA,NA,NA,0.3437,NA,0.3039,NA,NA,NA,NA,NA,NA,NA,NA,NA,NA,NA,NA,NA,3e-04
"icr048665",48.9777,2.3448,5.6335,14.2141,4.6047,3.2509,0.239,7.1182,1.2792,NA,3.6404,5.1407,2.2638,NA,NA,NA,NA,0.5976,NA,NA,NA,NA,NA,NA,NA,NA,NA,NA,0.3007,NA,0.3941,NA,NA,NA,NA,NA,NA,NA,NA,NA,NA,NA,7e-04
"icr048837",59.6343,NA,4.422,4.4559,11.7598,3.2499,2.6592,NA,NA,NA,1.6219,5.6217,NA,NA,3.8286,1.63,NA,NA,NA,NA,NA,NA,NA,NA,0.8512,NA,NA,NA,NA,NA,NA,NA,0.265,NA,NA,NA,NA,NA,NA,NA,NA,NA,4e-04
"icr048838",59.0153,NA,4.7348,4.4473,11.8334,2.9922,1.9483,NA,3.6888,NA,0.999,4.3184,NA,NA,3.1972,1.6009,NA,NA,NA,NA,NA,NA,NA,NA,0.8658,NA,NA,NA,NA,NA,NA,NA,0.3582,NA,NA,NA,NA,NA,NA,NA,NA,NA,4e-04
"icr050214",83.0719,5.7972,NA,3.5376,2.5824,NA,2.4396,NA,2.4072,NA,NA,NA,NA,NA,NA,NA,NA,NA,NA,NA,NA,NA,NA,NA,NA,NA,NA,NA,0.1638,NA,NA,NA,NA,NA,NA,NA,NA,NA,NA,NA,NA,NA,2e-04
"icr050215",72.0711,12.1727,3.3703,3.0432,2.1796,NA,2.4421,NA,4.4735,NA,NA,NA,NA,NA,NA,NA,NA,NA,NA,NA,NA,NA,NA,NA,NA,NA,NA,NA,0.2479,NA,NA,NA,NA,NA,NA,NA,NA,NA,NA,NA,NA,NA,-2e-04
"icr050354",91.0466,NA,NA,4.3929,1.1237,NA,1.6535,NA,NA,NA,1.7833,NA,NA,NA,NA,NA,NA,NA,NA,NA,NA,NA,NA,NA,NA,NA,NA,NA,NA,NA,NA,NA,NA,NA,NA,NA,NA,NA,NA,NA,NA,NA,0
"icr050355",73.9734,8.5633,2.9834,NA,2.5823,2.3515,3.4474,2.6884,2.1709,NA,1.2395,NA,NA,NA,NA,NA,NA,NA,NA,NA,NA,NA,NA,NA,NA,NA,NA,NA,NA,NA,NA,NA,NA,NA,NA,NA,NA,NA,NA,NA,NA,NA,-2e-04
"icr054165",55.311,7.2284,7.8188,1.5329,0.6565,1.4753,6.3874,NA,5.763,NA,0.8625,1.286,NA,NA,1.2299,NA,0.8446,2.0978,NA,NA,NA,6.2843,NA,0.4476,NA,NA,NA,NA,0.2695,NA,NA,0.5031,NA,NA,NA,NA,NA,NA,NA,NA,NA,NA,0.0015
"icr054166",42.7189,9.2484,8.8079,1.8588,NA,1.1719,6.7597,3.8863,NA,NA,0.7744,4.354,3.0763,NA,NA,NA,1.0347,2.0032,1.8385,NA,NA,10.1987,NA,0.3606,NA,0.6839,NA,NA,0.342,NA,NA,0.5034,NA,NA,NA,NA,NA,NA,0.3764,NA,NA,NA,0.0017
"icr054183",58.9801,8.5714,5.3657,1.6441,NA,1.4118,4.5403,NA,2.0774,NA,1.6041,2.1112,2.0312,NA,NA,NA,1.036,1.869,NA,NA,NA,8.5198,NA,NA,NA,NA,NA,NA,0.237,NA,NA,NA,NA,NA,NA,NA,NA,NA,NA,NA,NA,NA,9e-04
"icr054184",51.3138,11.0746,7.5202,1.0441,NA,0.8131,1.8137,NA,6.4589,NA,1.4678,4.5767,2.3173,NA,NA,NA,NA,1.9651,NA,NA,NA,9.384,NA,NA,NA,NA,NA,NA,0.2496,NA,NA,NA,NA,NA,NA,NA,NA,NA,NA,NA,NA,NA,0.0012
"icr054201",69.9563,6.6377,3.7942,1.4372,NA,2.0792,3.3428,NA,NA,NA,NA,1.3521,NA,7.5772,NA,NA,NA,NA,NA,NA,NA,3.687,NA,NA,NA,NA,NA,NA,0.1364,NA,NA,NA,NA,NA,NA,NA,NA,NA,NA,NA,NA,NA,2e-04
"icr054202",85.0767,3.5345,NA,1.7376,NA,NA,4.2417,NA,3.2735,NA,2.1359,NA,NA,NA,NA,NA,NA,NA,NA,NA,NA,NA,NA,NA,NA,NA,NA,NA,NA,NA,NA,NA,NA,NA,NA,NA,NA,NA,NA,NA,NA,NA,2e-04
"icr054220",63.1996,5.3906,4.7034,1.0918,NA,2.3676,8.0201,NA,NA,NA,0.8882,NA,NA,7.6191,NA,NA,NA,NA,NA,NA,NA,5.1009,1.6187,NA,NA,NA,NA,NA,NA,NA,NA,NA,NA,NA,NA,NA,NA,NA,NA,NA,NA,NA,0
"icr054221",72.3658,5.2473,4.4785,0.9561,NA,2.6583,7.9973,NA,NA,NA,NA,NA,NA,NA,NA,NA,NA,NA,NA,NA,NA,6.2968,NA,NA,NA,NA,NA,NA,NA,NA,NA,NA,NA,NA,NA,NA,NA,NA,NA,NA,NA,NA,-1e-04
"icr054238",60.2335,7.2428,6.7489,1.1072,0.6391,1.3876,5.9575,NA,NA,NA,NA,4.2229,NA,NA,NA,NA,1.1411,2.4445,NA,NA,NA,7.6047,1.2694,NA,NA,NA,NA,NA,NA,NA,NA,NA,NA,NA,NA,NA,NA,NA,NA,NA,NA,NA,7e-04
"icr054239",46.8577,12.9296,7.8296,1.5384,0.7146,1.7029,4.3529,NA,5.3845,NA,NA,2.4684,1.9222,NA,NA,NA,1.0006,2.1153,NA,NA,NA,9.6144,NA,NA,NA,0.7089,NA,NA,0.238,NA,NA,0.621,NA,NA,NA,NA,NA,NA,NA,NA,NA,NA,0.001
"icr054258",64.9187,6.2621,4.5797,1.5854,0.8201,NA,6.555,NA,3.4214,NA,NA,2.5025,NA,NA,1.1718,NA,0.9181,2.0542,NA,NA,NA,3.4173,1.612,NA,NA,NA,NA,NA,0.181,NA,NA,NA,NA,NA,NA,NA,NA,NA,NA,NA,NA,NA,7e-04
"icr054259",49.7407,11.1066,7.078,1.3692,0.5906,1.4024,3.3887,NA,4.0539,NA,1.2768,6.1822,2.2854,NA,NA,NA,0.9148,1.839,NA,NA,NA,8.5346,NA,NA,NA,NA,NA,NA,0.2361,NA,NA,NA,NA,NA,NA,NA,NA,NA,NA,NA,NA,NA,9e-04
"icr054277",74.4009,4.165,4.2479,1.7151,NA,2.0438,1.9158,NA,1.1605,NA,NA,1.0651,NA,6.3292,NA,NA,NA,NA,NA,NA,NA,2.9571,NA,NA,NA,NA,NA,NA,NA,NA,NA,NA,NA,NA,NA,NA,NA,NA,NA,NA,NA,NA,-5e-04
"icr054278",77.2143,3.7905,4.8877,1.8232,NA,1.9979,1.4952,NA,1.2312,NA,NA,NA,NA,3.884,NA,NA,NA,NA,NA,NA,NA,3.5543,NA,NA,NA,NA,NA,NA,0.1223,NA,NA,NA,NA,NA,NA,NA,NA,NA,NA,NA,NA,NA,-5e-04
"icr054293",24.1241,18.927,NA,2.8169,NA,5.0076,15.9555,NA,NA,NA,NA,NA,4.7201,28.2756,NA,NA,NA,NA,NA,NA,NA,NA,NA,NA,NA,NA,NA,NA,0.1732,NA,NA,NA,NA,NA,NA,NA,NA,NA,NA,NA,NA,NA,0
"icr054294",46.4945,14.8256,NA,3.9179,NA,1.9011,10.9885,NA,NA,NA,NA,NA,3.5485,18.3239,NA,NA,NA,NA,NA,NA,NA,NA,NA,NA,NA,NA,NA,NA,NA,NA,NA,NA,NA,NA,NA,NA,NA,NA,NA,NA,NA,NA,0
"icr054313",46.9198,14.1174,NA,3.6576,NA,2.1976,9.3301,NA,NA,NA,NA,NA,4.4513,19.1038,NA,NA,NA,NA,NA,NA,NA,NA,NA,NA,NA,NA,NA,NA,0.2223,NA,NA,NA,NA,NA,NA,NA,NA,NA,NA,NA,NA,NA,0
"icr054314",59.2673,8.3513,6.1187,2.079,0.503,1.7553,5.3663,NA,1.3826,NA,NA,4.4539,2.1643,NA,NA,NA,NA,1.3871,NA,NA,NA,5.5048,1.3872,NA,NA,NA,NA,NA,0.2785,NA,NA,NA,NA,NA,NA,NA,NA,NA,NA,NA,NA,NA,7e-04
"icr054360",59.927,13.5713,3.7919,2.0719,NA,2.0182,5.9902,NA,3.3564,NA,1.4083,NA,NA,7.8648,NA,NA,NA,NA,NA,NA,NA,NA,NA,NA,NA,NA,NA,NA,NA,NA,NA,NA,NA,NA,NA,NA,NA,NA,NA,NA,NA,NA,-2e-04
"icr054361",73.581,9.0044,2.4169,2.0197,NA,1.438,4.2593,NA,1.8239,NA,NA,NA,NA,5.4571,NA,NA,NA,NA,NA,NA,NA,NA,NA,NA,NA,NA,NA,NA,NA,NA,NA,NA,NA,NA,NA,NA,NA,NA,NA,NA,NA,NA,-3e-04
"icr054387",60.6853,19.6312,4.5059,1.6504,NA,NA,4.451,NA,2.8679,NA,3.2946,NA,2.1481,NA,NA,NA,NA,0.5396,NA,NA,NA,NA,NA,NA,NA,NA,NA,NA,0.2255,NA,NA,NA,NA,NA,NA,NA,NA,NA,NA,NA,NA,NA,5e-04
"icr054388",36.5899,35.8083,8.1827,1.3445,NA,NA,2.1711,NA,5.423,NA,4.0291,NA,3.4808,NA,NA,NA,NA,0.8884,NA,NA,1.7794,NA,NA,NA,NA,NA,NA,NA,0.3019,NA,NA,NA,NA,NA,NA,NA,NA,NA,NA,NA,NA,NA,0.001
"icr054410",57.1178,17.3971,4.0089,4.337,NA,NA,9.5185,NA,3.8899,NA,2.9497,NA,NA,NA,NA,NA,NA,0.5932,NA,NA,NA,NA,NA,NA,NA,NA,NA,NA,0.1875,NA,NA,NA,NA,NA,NA,NA,NA,NA,NA,NA,NA,NA,3e-04
"icr054411",52.1549,20.7519,5.8855,4.2114,0.756,NA,8.1746,NA,4.6819,NA,2.7145,NA,NA,NA,NA,NA,NA,0.5372,NA,NA,NA,NA,NA,NA,NA,NA,NA,NA,0.1319,NA,NA,NA,NA,NA,NA,NA,NA,NA,NA,NA,NA,NA,2e-04
"icr054418",55.6496,18.5786,6.1086,2.4069,0.8572,NA,7.9936,NA,2.2868,NA,3.3925,1.6714,NA,NA,NA,NA,NA,0.8272,NA,NA,NA,NA,NA,NA,NA,NA,NA,NA,0.227,NA,NA,NA,NA,NA,NA,NA,NA,NA,NA,NA,NA,NA,5e-04
"icr054419",54.1817,19.46,6.2358,2.2891,0.8159,NA,5.3158,NA,1.2418,NA,3.4028,2.7719,2.9415,NA,NA,NA,NA,1.0619,NA,NA,NA,NA,NA,NA,NA,NA,NA,NA,0.2811,NA,NA,NA,NA,NA,NA,NA,NA,NA,NA,NA,NA,NA,7e-04
"icr054437",10.564,3.2829,26.5355,1.7913,2.8482,NA,NA,10.8812,1.2302,0.3539,NA,6.5353,2.0316,NA,2.9103,NA,1.7572,9.949,6.9712,NA,5.8088,NA,NA,NA,NA,2.6474,NA,NA,0.6927,1.5422,NA,1.0455,NA,NA,NA,NA,NA,NA,0.611,NA,NA,NA,0.0105
"icr054438",14.2619,4.5415,27.7707,1.185,2.401,NA,NA,12.9215,NA,NA,NA,5.7877,NA,NA,3.1047,NA,1.4236,10.1271,4.4394,NA,5.3319,NA,NA,NA,NA,2.7451,0.3823,NA,0.6067,1.0534,NA,0.9455,NA,NA,0.5845,NA,NA,NA,0.3763,NA,NA,NA,0.0101
"icr054515",27.9936,25.3539,8.1381,0.8684,0.7566,2.5128,8.8545,3.5862,10.3836,NA,3.897,NA,2.548,NA,NA,NA,NA,1.0088,1.4262,NA,NA,NA,NA,NA,NA,0.6958,0.7499,NA,0.7945,NA,0.4311,NA,NA,NA,NA,NA,NA,NA,NA,NA,NA,NA,0.0012
"icr054516",25.8162,8.4054,12.8871,1.2436,1.3942,3.6412,10.2177,8.7093,2.8314,0.5587,1.4478,4.0134,3.6376,NA,NA,NA,1.5387,4.851,3.5866,NA,1.7229,NA,NA,NA,NA,1.2154,0.3131,NA,0.4689,NA,0.4559,0.571,NA,NA,NA,NA,NA,NA,0.469,NA,NA,NA,0.0039
"icr054550",62.3899,9.631,4.3848,1.1681,NA,2.4283,9.3911,NA,2.8631,NA,4.035,NA,2.2006,NA,NA,NA,NA,0.695,NA,NA,NA,NA,NA,NA,NA,NA,0.4704,NA,0.3422,NA,NA,NA,NA,NA,NA,NA,NA,NA,NA,NA,NA,NA,4e-04
"icr054551",47.9161,13.2482,10.1956,NA,NA,3.278,4.6816,2.0295,7.5284,NA,2.7139,NA,3.5614,NA,NA,NA,NA,1.0849,1.9051,NA,NA,NA,NA,NA,NA,0.6604,0.8385,NA,0.3571,NA,NA,NA,NA,NA,NA,NA,NA,NA,NA,NA,NA,NA,0.0013
"icr054564",23.2399,13.0697,18.7447,NA,0.8917,1.6235,6.8929,4.7904,NA,NA,1.4646,4.1475,4.3756,NA,1.2448,NA,1.507,5.5036,5.8096,NA,2.9987,NA,NA,NA,NA,1.2087,0.4975,NA,0.4608,NA,0.5794,0.9444,NA,NA,NA,NA,NA,NA,NA,NA,NA,NA,0.005
"icr054565",21.8528,12.1436,19.6154,1.2404,0.8712,1.3335,NA,7.9542,5.6182,NA,NA,4.5693,4.4246,NA,NA,NA,1.4593,6.3028,6.2187,NA,2.2596,NA,NA,NA,NA,1.3809,0.3097,NA,0.3963,NA,0.3533,1.1155,NA,NA,NA,NA,NA,NA,0.5746,NA,NA,NA,0.0062
"icr054641",56.3532,12.6887,6.3134,NA,0.6171,2.002,7.8034,NA,NA,NA,2.9764,3.7447,2.4722,NA,NA,NA,NA,1.1907,2.2174,NA,NA,NA,NA,NA,NA,0.5649,0.7219,NA,0.3327,NA,NA,NA,NA,NA,NA,NA,NA,NA,NA,NA,NA,NA,0.0013
"icr054642",24.4535,6.4389,17.4449,0.7037,1.5102,1.165,9.3889,7.3834,NA,NA,NA,4.6074,2.2769,NA,1.2313,NA,1.3678,3.325,11.1069,NA,2.8243,NA,NA,NA,NA,1.7573,0.322,NA,0.4887,NA,0.5154,1.1609,NA,NA,NA,NA,NA,NA,0.5229,NA,NA,NA,0.0046
"icr054697",46.7803,13.8212,7.003,1.1014,0.7598,2.0854,10.5535,NA,5.251,NA,2.7947,2.847,2.2513,NA,NA,NA,NA,1.1134,1.9746,NA,NA,NA,NA,NA,NA,0.5412,0.7051,NA,0.4159,NA,NA,NA,NA,NA,NA,NA,NA,NA,NA,NA,NA,NA,0.0011
"icr054698",56.0656,8.1594,7.4162,NA,0.653,2.5487,6.2241,3.6018,NA,0.3866,3.2715,2.7028,3.0681,NA,NA,NA,NA,0.955,1.6832,NA,1.3712,NA,NA,NA,NA,0.6477,0.8143,NA,0.4298,NA,NA,NA,NA,NA,NA,NA,NA,NA,NA,NA,NA,NA,0.0011
"icr056500",26.6546,1.0511,2.7641,9.8354,6.4698,NA,NA,NA,18.7885,NA,NA,NA,NA,NA,NA,0.9794,1.073,NA,NA,NA,NA,NA,11.1659,NA,NA,0.479,NA,NA,NA,NA,NA,NA,0.8371,2.1114,NA,8.5182,9.2713,NA,NA,NA,NA,NA,0.0013
"icr056501",26.5291,2.2328,6.0525,4.3501,4.8036,NA,NA,NA,29.2457,NA,NA,NA,NA,3.5351,NA,NA,1.1017,NA,NA,NA,NA,NA,5.3022,NA,NA,NA,NA,NA,NA,NA,0.4067,NA,0.7655,3.9832,NA,9.0847,2.6048,NA,NA,NA,NA,NA,0.0022
"icr062134",39.7126,28.2169,14.2912,NA,NA,NA,3.4545,NA,2.3805,3.9523,2.4118,NA,4.5736,NA,NA,0.8662,NA,NA,NA,NA,NA,NA,NA,NA,NA,NA,NA,NA,0.1394,NA,NA,NA,NA,NA,NA,NA,NA,NA,NA,NA,NA,NA,0.001
"icr062135",39.2426,27.7773,15.8046,NA,NA,NA,2.7654,NA,3.5201,3.7245,3.0532,NA,3.9331,NA,NA,NA,NA,NA,NA,NA,NA,NA,NA,NA,NA,NA,NA,NA,0.1781,NA,NA,NA,NA,NA,NA,NA,NA,NA,NA,NA,NA,NA,0.001
"icr062155",38.542,39.1917,11.6876,NA,NA,NA,1.7184,NA,1.1075,1.2319,1.6257,NA,3.2654,NA,NA,NA,0.897,0.7315,NA,NA,NA,NA,NA,NA,NA,NA,NA,NA,NA,NA,NA,NA,NA,NA,NA,NA,NA,NA,NA,NA,NA,NA,0.0014
"icr062156",33.269,44.4052,13.2835,NA,NA,NA,2.0294,NA,NA,1.2564,1.5739,NA,2.2573,NA,NA,NA,0.877,1.047,NA,NA,NA,NA,NA,NA,NA,NA,NA,NA,NA,NA,NA,NA,NA,NA,NA,NA,NA,NA,NA,NA,NA,NA,0.0014
"icr062175",22.4975,28.9608,27.7661,NA,NA,NA,2.9351,NA,1.6854,4.0565,2.5394,NA,6.2735,NA,NA,2.8146,NA,NA,NA,NA,NA,NA,NA,NA,NA,NA,NA,NA,0.4687,NA,NA,NA,NA,NA,NA,NA,NA,NA,NA,NA,NA,NA,0.0024
"icr062176",26.458,27.4357,26.8585,NA,NA,NA,NA,NA,1.7915,4.1868,3.4681,NA,5.939,NA,NA,2.5359,NA,NA,NA,NA,NA,NA,NA,NA,NA,0.8899,NA,NA,0.4343,NA,NA,NA,NA,NA,NA,NA,NA,NA,NA,NA,NA,NA,0.0023
"icr062195",50.1739,20.367,10.8511,NA,NA,NA,6.344,NA,0.4709,5.2933,4.0465,NA,2.2921,NA,NA,NA,NA,NA,NA,NA,NA,NA,NA,NA,NA,NA,NA,NA,0.1607,NA,NA,NA,NA,NA,NA,NA,NA,NA,NA,NA,NA,NA,6e-04
"icr062196",51.5917,22.4999,12.9683,NA,NA,NA,NA,NA,0.3935,5.9636,4.0008,NA,2.5816,NA,NA,NA,NA,NA,NA,NA,NA,NA,NA,NA,NA,NA,NA,NA,NA,NA,NA,NA,NA,NA,NA,NA,NA,NA,NA,NA,NA,NA,5e-04
"icr062215",17.7965,24.6416,26.8984,NA,NA,NA,NA,NA,7.382,6.3715,4.4916,NA,8.5538,NA,NA,1.5179,NA,0.5258,NA,NA,NA,NA,NA,NA,NA,1.0939,NA,NA,0.3621,NA,NA,NA,NA,NA,NA,NA,NA,NA,0.3609,NA,NA,NA,0.0039
"icr062216",17.2534,17.6877,27.729,NA,NA,NA,3.873,NA,12.1876,5.502,4.0071,NA,6.8665,NA,NA,0.7129,NA,0.4467,NA,NA,2.0194,NA,NA,NA,NA,1.2319,NA,NA,0.4798,NA,NA,NA,NA,NA,NA,NA,NA,NA,NA,NA,NA,NA,0.003
"icr062235",27.2076,20.4261,11.7365,0.7124,2.1813,NA,6.7957,NA,6.2007,12.4318,4.9764,NA,3.3462,NA,NA,1.7053,0.8622,NA,NA,NA,1.4167,NA,NA,NA,NA,NA,NA,NA,NA,NA,NA,NA,NA,NA,NA,NA,NA,NA,NA,NA,NA,NA,0.0013
"icr062255",1.5069,NA,32.0244,NA,NA,NA,NA,4.0819,3.271,34.6052,3.7564,2.507,6.8041,NA,NA,2.8219,NA,1.7807,NA,NA,2.9386,NA,NA,1.5027,NA,1.7293,NA,NA,0.2687,NA,NA,NA,0.3948,NA,NA,NA,NA,NA,NA,NA,NA,NA,0.0064
"icr062256",2.3875,NA,33.0657,0.8115,0.6004,NA,NA,3.7719,2.6096,30.865,3.9236,3.0517,7.1593,NA,NA,2.8217,0.8937,1.8789,NA,NA,2.6551,NA,NA,1.4751,NA,1.7266,NA,NA,0.2948,NA,NA,NA,NA,NA,NA,NA,NA,NA,NA,NA,NA,NA,0.0078
"icr062275",23.7573,NA,23.4305,0.9366,0.9532,NA,8.5342,NA,4.5835,17.6767,3.9459,2.1587,4.7201,NA,NA,1.1144,0.7947,1.7543,NA,NA,1.9499,NA,NA,1.4137,NA,1.4281,NA,NA,0.3105,NA,NA,NA,NA,NA,NA,NA,NA,NA,0.5343,NA,NA,NA,0.0034
"icr062276",25.1966,NA,23.0684,0.8614,0.5419,NA,3.6735,2.7848,5.2751,20.4277,6.9936,NA,5.5963,NA,NA,1.1146,NA,1.1446,NA,NA,1.3974,NA,NA,0.4827,NA,1.1696,NA,NA,0.2685,NA,NA,NA,NA,NA,NA,NA,NA,NA,NA,NA,NA,NA,0.0032
"icr062294",7.5077,NA,35.4371,0.8217,0.9601,NA,7.1376,5.193,1.6399,8.2695,NA,3.8506,3.0468,NA,1.5113,14.7988,1.4498,NA,NA,NA,3.7304,NA,NA,0.5859,NA,2.8573,NA,NA,NA,NA,NA,0.519,NA,NA,0.6783,NA,NA,NA,NA,NA,NA,NA,0.005
"icr062295",8.953,NA,37.1788,0.8017,1.0929,NA,NA,6.6669,3.3893,8.2406,NA,3.8525,4.8236,NA,1.1413,16.7013,0.9803,NA,NA,NA,3.4619,NA,NA,0.7501,NA,1.6448,NA,NA,NA,NA,NA,NA,NA,NA,NA,NA,NA,NA,NA,NA,NA,0.3148,0.0062
"icr062314",42.4205,25.8509,6.9482,NA,NA,NA,3.0527,3.714,0.9743,11.4383,2.1443,NA,2.9027,NA,NA,NA,NA,0.5531,NA,NA,NA,NA,NA,NA,NA,NA,NA,NA,NA,NA,NA,NA,NA,NA,NA,NA,NA,NA,NA,NA,NA,NA,9e-04
"icr062315",38.1917,27.014,9.0523,NA,NA,NA,2.4432,4.3944,0.9469,11.7752,2.4013,NA,3.314,NA,NA,NA,NA,0.4663,NA,NA,NA,NA,NA,NA,NA,NA,NA,NA,NA,NA,NA,NA,NA,NA,NA,NA,NA,NA,NA,NA,NA,NA,7e-04
"icr062334",32.4359,8.4545,15.5957,NA,NA,NA,5.4193,NA,2.4128,23.2996,3.0981,NA,3.6178,NA,NA,1.4087,NA,0.9865,NA,NA,2.0105,NA,NA,0.4729,NA,0.5956,NA,NA,0.1908,NA,NA,NA,NA,NA,NA,NA,NA,NA,NA,NA,NA,NA,0.0012
"icr062335",33.5123,10.6014,17.2087,NA,NA,NA,NA,NA,2.4932,23.6338,2.4499,NA,4.3828,NA,NA,1.1187,NA,1.21,NA,NA,1.9562,NA,NA,0.485,NA,0.9462,NA,NA,NA,NA,NA,NA,NA,NA,NA,NA,NA,NA,NA,NA,NA,NA,0.0016
"icr062353",14.6273,25.1548,28.9808,NA,NA,NA,6.0232,NA,4.8099,4.5475,5.2356,NA,5.8677,NA,NA,0.7324,NA,0.4032,NA,NA,1.9694,NA,NA,NA,NA,0.99,NA,NA,0.2824,NA,NA,NA,NA,NA,NA,NA,NA,NA,0.3735,NA,NA,NA,0.0022
"icr062354",15.4014,30.089,32.1284,NA,NA,NA,NA,NA,1.7446,5.3496,4.1953,NA,6.5871,NA,NA,0.9508,NA,0.6675,NA,NA,1.7393,NA,NA,NA,NA,0.936,NA,NA,0.2085,NA,NA,NA,NA,NA,NA,NA,NA,NA,NA,NA,NA,NA,0.0026
"icr062373",29.288,11.1667,14.4365,NA,NA,NA,4.802,NA,5.2292,25.1517,3.3675,NA,3.5687,NA,NA,1.6581,NA,0.3978,NA,NA,NA,NA,NA,NA,NA,0.6524,NA,NA,0.2797,NA,NA,NA,NA,NA,NA,NA,NA,NA,NA,NA,NA,NA,0.0015
"icr062374",29.6838,9.8001,15.1625,NA,NA,NA,6.0184,NA,3.8651,22.9819,4.5705,NA,3.5228,NA,NA,1.4794,NA,NA,NA,NA,2.0429,NA,NA,NA,NA,0.5696,NA,NA,0.3022,NA,NA,NA,NA,NA,NA,NA,NA,NA,NA,NA,NA,NA,8e-04
"icr062395",40.6025,22.9377,6.5523,1.4805,NA,NA,8.348,NA,4.2544,7.7399,3.4838,NA,3.1156,NA,NA,1.3338,NA,NA,NA,NA,NA,NA,NA,NA,NA,NA,NA,NA,0.1506,NA,NA,NA,NA,NA,NA,NA,NA,NA,NA,NA,NA,NA,0.001
"icr062396",40.7489,23.1738,11.0598,0.928,NA,NA,2.555,NA,6.423,8.3103,2.1292,NA,3.4887,NA,NA,1.1826,NA,NA,NA,NA,NA,NA,NA,NA,NA,NA,NA,NA,NA,NA,NA,NA,NA,NA,NA,NA,NA,NA,NA,NA,NA,NA,9e-04
"icr062413",42.1207,22.7456,12.9676,NA,NA,NA,5.4849,NA,1.5831,5.6987,4.5972,NA,3.03,NA,NA,NA,NA,0.7845,NA,NA,NA,NA,NA,NA,NA,0.61,NA,NA,0.3767,NA,NA,NA,NA,NA,NA,NA,NA,NA,NA,NA,NA,NA,9e-04
"icr062414",53.2619,19.3031,9.6895,NA,NA,NA,4.3986,NA,NA,5.0086,4.4429,NA,2.7104,NA,NA,NA,NA,0.765,NA,NA,NA,NA,NA,NA,NA,NA,NA,NA,0.419,NA,NA,NA,NA,NA,NA,NA,NA,NA,NA,NA,NA,NA,0.001
"icr062433",18.9605,29.723,21.179,NA,NA,NA,NA,NA,3.4152,11.0266,1.9558,NA,7.5886,NA,NA,3.1875,NA,NA,NA,NA,1.5134,NA,NA,NA,NA,0.8651,NA,NA,0.582,NA,NA,NA,NA,NA,NA,NA,NA,NA,NA,NA,NA,NA,0.0033
"icr062434",16.3736,27.4364,22.9427,NA,NA,NA,NA,NA,7.2835,9.9753,1.6517,NA,7.3704,NA,NA,2.8025,NA,NA,NA,NA,3.1476,NA,NA,NA,NA,0.4646,NA,NA,0.5485,NA,NA,NA,NA,NA,NA,NA,NA,NA,NA,NA,NA,NA,0.0034
"icr068131",88.0814,6.9191,2.8104,NA,NA,NA,NA,NA,0.7553,NA,1.4339,NA,NA,NA,NA,NA,NA,NA,NA,NA,NA,NA,NA,NA,NA,NA,NA,NA,NA,NA,NA,NA,NA,NA,NA,NA,NA,NA,NA,NA,NA,NA,-1e-04
"icr068132",86.5659,8.6129,3.1551,NA,NA,NA,NA,NA,1.6661,NA,NA,NA,NA,NA,NA,NA,NA,NA,NA,NA,NA,NA,NA,NA,NA,NA,NA,NA,NA,NA,NA,NA,NA,NA,NA,NA,NA,NA,NA,NA,NA,NA,-1e-04
"icr068149",90.3206,3.3867,2.8169,NA,NA,NA,1.237,NA,NA,NA,2.2389,NA,NA,NA,NA,NA,NA,NA,NA,NA,NA,NA,NA,NA,NA,NA,NA,NA,NA,NA,NA,NA,NA,NA,NA,NA,NA,NA,NA,NA,NA,NA,-1e-04
"icr068150",78.7853,6.7866,6.7299,NA,NA,NA,1.5234,NA,2.784,NA,1.7279,NA,NA,NA,NA,NA,NA,0.4342,NA,NA,1.2289,NA,NA,NA,NA,NA,NA,NA,NA,NA,NA,NA,NA,NA,NA,NA,NA,NA,NA,NA,NA,NA,-2e-04
"icr068161",73.5721,8.4544,6.5509,1.6295,NA,NA,2.6057,NA,2.8072,NA,2.9033,NA,NA,NA,NA,NA,NA,NA,NA,NA,1.2844,NA,NA,NA,NA,NA,NA,NA,0.1927,NA,NA,NA,NA,NA,NA,NA,NA,NA,NA,NA,NA,NA,-2e-04
"icr068162",82.8388,8.7652,4.1368,NA,NA,NA,1.7648,NA,NA,NA,2.4943,NA,NA,NA,NA,NA,NA,NA,NA,NA,NA,NA,NA,NA,NA,NA,NA,NA,NA,NA,NA,NA,NA,NA,NA,NA,NA,NA,NA,NA,NA,NA,-1e-04
"icr068221",73.4214,8.4103,8.7185,NA,NA,NA,1.5516,NA,2.8616,NA,3.0286,NA,NA,NA,NA,NA,NA,0.5176,NA,NA,1.3102,NA,NA,NA,NA,NA,NA,NA,0.1802,NA,NA,NA,NA,NA,NA,NA,NA,NA,NA,NA,NA,NA,0
"icr068222",77.2753,9.0578,7.006,1.3408,NA,NA,NA,NA,2.6503,NA,2.1881,NA,NA,NA,NA,NA,NA,0.4817,NA,NA,NA,NA,NA,NA,NA,NA,NA,NA,NA,NA,NA,NA,NA,NA,NA,NA,NA,NA,NA,NA,NA,NA,2e-04
"icr068279",79.3209,8.2357,6.2448,NA,NA,NA,2.5194,NA,0.6294,NA,2.8855,NA,NA,NA,NA,NA,NA,NA,NA,NA,NA,NA,NA,NA,NA,NA,NA,NA,0.1647,NA,NA,NA,NA,NA,NA,NA,NA,NA,NA,NA,NA,NA,-3e-04
"icr068280",77.2636,7.0053,6.2459,NA,NA,NA,2.901,NA,3.0478,NA,2.0589,NA,NA,NA,NA,NA,NA,NA,NA,NA,1.3142,NA,NA,NA,NA,NA,NA,NA,0.1637,NA,NA,NA,NA,NA,NA,NA,NA,NA,NA,NA,NA,NA,-3e-04
"icr068321",46.0563,27.4942,9.7204,1.3008,NA,NA,NA,NA,9.2911,NA,1.5956,NA,NA,NA,NA,NA,NA,0.4987,NA,NA,3.2213,NA,NA,NA,NA,NA,0.3524,NA,0.469,NA,NA,NA,NA,NA,NA,NA,NA,NA,NA,NA,NA,NA,3e-04
"icr068322",55.6388,22.1821,10.4009,NA,NA,NA,NA,NA,6.4917,NA,1.1629,NA,NA,NA,NA,NA,NA,0.5367,NA,NA,2.76,NA,NA,NA,NA,NA,0.513,NA,0.3139,NA,NA,NA,NA,NA,NA,NA,NA,NA,NA,NA,NA,NA,1e-04
"icr068339",84.1849,9.0165,2.9512,NA,NA,NA,NA,NA,0.7672,NA,1.7591,NA,NA,NA,NA,NA,NA,NA,NA,NA,1.3211,NA,NA,NA,NA,NA,NA,NA,NA,NA,NA,NA,NA,NA,NA,NA,NA,NA,NA,NA,NA,NA,0
"icr068340",77.1531,10.7274,3.7643,NA,NA,NA,1.957,NA,2.011,NA,2.5105,NA,NA,NA,NA,NA,NA,NA,NA,NA,1.7,NA,NA,NA,NA,NA,NA,NA,0.1769,NA,NA,NA,NA,NA,NA,NA,NA,NA,NA,NA,NA,NA,-2e-04
"icr068361",69.6086,15.8534,5.5284,NA,NA,NA,NA,NA,4.7197,NA,1.375,NA,NA,NA,NA,NA,NA,0.6467,NA,NA,2.0233,NA,NA,NA,NA,NA,NA,NA,0.2449,NA,NA,NA,NA,NA,NA,NA,NA,NA,NA,NA,NA,NA,1e-04
"icr068362",55.9221,21.3276,7.2286,NA,NA,NA,2.2984,NA,6.0673,NA,3.0377,NA,NA,NA,NA,NA,NA,0.7321,NA,NA,3.0116,NA,NA,NA,NA,NA,NA,NA,0.3746,NA,NA,NA,NA,NA,NA,NA,NA,NA,NA,NA,NA,NA,-1e-04
"icr068381",69.6461,17.5748,5.3889,NA,NA,NA,NA,NA,3.4355,NA,1.31,NA,NA,NA,NA,NA,NA,NA,NA,NA,2.3827,NA,NA,NA,NA,NA,NA,NA,0.2622,NA,NA,NA,NA,NA,NA,NA,NA,NA,NA,NA,NA,NA,-2e-04
"icr068382",72.1941,15.7805,5.3952,NA,NA,NA,NA,NA,4.091,NA,NA,NA,NA,NA,NA,NA,NA,NA,NA,NA,2.3071,NA,NA,NA,NA,NA,NA,NA,0.2323,NA,NA,NA,NA,NA,NA,NA,NA,NA,NA,NA,NA,NA,-2e-04
"icr068399",75.9372,13.084,4.1533,NA,NA,NA,2.1032,NA,3.7078,NA,0.8646,NA,NA,NA,NA,NA,NA,NA,NA,NA,NA,NA,NA,NA,NA,NA,NA,NA,0.1501,NA,NA,NA,NA,NA,NA,NA,NA,NA,NA,NA,NA,NA,-2e-04
"icr068400",69.5624,18.0125,4.4776,NA,NA,NA,1.6221,NA,3.8653,NA,0.8856,NA,NA,NA,NA,NA,NA,NA,NA,NA,1.4001,NA,NA,NA,NA,NA,NA,NA,0.1746,NA,NA,NA,NA,NA,NA,NA,NA,NA,NA,NA,NA,NA,-2e-04
"icr068419",52.365,5.6819,2.6106,26.3741,7.0002,NA,1.8649,NA,1.6267,NA,0.3898,NA,NA,NA,NA,0.7626,NA,NA,NA,NA,NA,NA,1.3242,NA,NA,NA,NA,NA,NA,NA,NA,NA,NA,NA,NA,NA,NA,NA,NA,NA,NA,NA,1e-04
"icr068420",42.4038,8.7286,4.3756,28.3378,4.1226,NA,1.4822,4.0351,4.5333,NA,1.9809,NA,NA,NA,NA,NA,NA,NA,NA,NA,NA,NA,NA,NA,NA,NA,NA,NA,NA,NA,NA,NA,NA,NA,NA,NA,NA,NA,NA,NA,NA,NA,1e-04
"icr068499",55.2675,5.0108,3.1402,23.8144,5.6519,2.11,3.084,NA,1.9213,NA,NA,NA,NA,NA,NA,NA,NA,NA,NA,NA,NA,NA,NA,NA,NA,NA,NA,NA,NA,NA,NA,NA,NA,NA,NA,NA,NA,NA,NA,NA,NA,NA,-1e-04
"icr068500",56.1807,6.5482,3.5522,22.9451,4.8147,2.8561,1.5438,NA,1.5594,NA,NA,NA,NA,NA,NA,NA,NA,NA,NA,NA,NA,NA,NA,NA,NA,NA,NA,NA,NA,NA,NA,NA,NA,NA,NA,NA,NA,NA,NA,NA,NA,NA,-2e-04
"icr068521",55.052,6.7101,6.912,22.4128,1.2671,0.9339,NA,NA,5.0417,NA,1.4213,NA,NA,NA,NA,NA,NA,NA,NA,NA,NA,NA,NA,NA,NA,NA,NA,NA,0.249,NA,NA,NA,NA,NA,NA,NA,NA,NA,NA,NA,NA,NA,0
"icr068522",47.3625,8.4817,10.9051,17.2629,1.034,0.6195,NA,NA,8.6209,NA,3.3309,NA,0.6764,NA,NA,NA,NA,NA,NA,NA,1.4206,NA,NA,NA,NA,NA,NA,NA,0.2852,NA,NA,NA,NA,NA,NA,NA,NA,NA,NA,NA,NA,NA,2e-04
"icr068539",55.3647,7.698,6.1472,19.4139,1.6747,1.3025,2.8176,NA,4.6409,NA,0.8003,NA,NA,NA,NA,NA,NA,NA,NA,NA,NA,NA,NA,NA,NA,NA,NA,NA,0.1403,NA,NA,NA,NA,NA,NA,NA,NA,NA,NA,NA,NA,NA,-1e-04
"icr068540",55.513,10.7782,6.3813,17.2887,1.548,1.9415,NA,NA,1.9303,NA,2.1994,NA,2.2642,NA,NA,NA,NA,NA,NA,NA,NA,NA,NA,NA,NA,NA,NA,NA,0.1553,NA,NA,NA,NA,NA,NA,NA,NA,NA,NA,NA,NA,NA,2e-04
"icr068579",63.9472,8.1673,3.1509,16.0871,1.0105,1.9211,2.4302,NA,2.7485,NA,NA,NA,NA,NA,NA,NA,NA,NA,NA,NA,NA,NA,NA,NA,NA,NA,0.3866,NA,0.1506,NA,NA,NA,NA,NA,NA,NA,NA,NA,NA,NA,NA,NA,0
"icr068580",54.3368,10.8299,4.9591,17.1093,NA,3.6239,NA,2.8005,5.6752,NA,0.4455,NA,NA,NA,NA,NA,NA,NA,NA,NA,NA,NA,NA,NA,NA,NA,NA,NA,0.2198,NA,NA,NA,NA,NA,NA,NA,NA,NA,NA,NA,NA,NA,-1e-04
"icr068677",57.1309,5.7058,2.2765,27.0784,3.1732,NA,NA,NA,2.3095,NA,0.4427,NA,NA,NA,NA,NA,NA,NA,NA,NA,NA,NA,1.4808,NA,0.4019,NA,NA,NA,NA,NA,NA,NA,NA,NA,NA,NA,NA,NA,NA,NA,NA,NA,1e-04
"icr068678",59.1787,6.2432,3.2601,23.903,1.9708,NA,NA,NA,4.404,NA,1.0401,NA,NA,NA,NA,NA,NA,NA,NA,NA,NA,NA,NA,NA,NA,NA,NA,NA,NA,NA,NA,NA,NA,NA,NA,NA,NA,NA,NA,NA,NA,NA,0
"icr068717",61.2115,5.8385,1.992,16.3785,8.3955,3.1618,2.0782,NA,0.944,NA,NA,NA,NA,NA,NA,NA,NA,NA,NA,NA,NA,NA,NA,NA,NA,NA,NA,NA,NA,NA,NA,NA,NA,NA,NA,NA,NA,NA,NA,NA,NA,NA,0
"icr068718",59.5621,6.9225,3.4053,15.9783,6.6368,3.9239,1.3784,NA,2.193,NA,NA,NA,NA,NA,NA,NA,NA,NA,NA,NA,NA,NA,NA,NA,NA,NA,NA,NA,NA,NA,NA,NA,NA,NA,NA,NA,NA,NA,NA,NA,NA,NA,-3e-04
"icr070124",66.0908,15.1151,5.9647,1.7858,NA,NA,5.4573,NA,1.3383,NA,1.2756,NA,NA,NA,NA,NA,NA,0.5662,1.6003,NA,NA,NA,NA,NA,NA,NA,0.4626,NA,0.3432,NA,NA,NA,NA,NA,NA,NA,NA,NA,NA,NA,NA,NA,2e-04
"icr070125",59.6643,17.2284,9.6999,NA,NA,NA,3.274,NA,5.9975,NA,NA,NA,NA,NA,NA,NA,NA,0.5657,2.5671,NA,NA,NA,NA,NA,NA,NA,0.6589,NA,0.344,NA,NA,NA,NA,NA,NA,NA,NA,NA,NA,NA,NA,NA,2e-04
"icr070262",88.5302,4.8662,2.7496,NA,NA,NA,1.9051,NA,NA,NA,1.949,NA,NA,NA,NA,NA,NA,NA,NA,NA,NA,NA,NA,NA,NA,NA,NA,NA,NA,NA,NA,NA,NA,NA,NA,NA,NA,NA,NA,NA,NA,NA,-1e-04
"icr070263",84.1396,8.6536,2.8391,NA,NA,NA,0.6093,NA,1.5338,NA,NA,NA,NA,NA,NA,NA,NA,0.6126,1.6118,NA,NA,NA,NA,NA,NA,NA,NA,NA,NA,NA,NA,NA,NA,NA,NA,NA,NA,NA,NA,NA,NA,NA,2e-04
"icr070370",93.8419,3.4771,NA,NA,NA,NA,1.5048,NA,NA,NA,1.1762,NA,NA,NA,NA,NA,NA,NA,NA,NA,NA,NA,NA,NA,NA,NA,NA,NA,NA,NA,NA,NA,NA,NA,NA,NA,NA,NA,NA,NA,NA,NA,1e-04
"icr070371",91.622,5.1048,NA,NA,NA,NA,1.3201,NA,1.5499,NA,NA,NA,NA,NA,NA,NA,NA,NA,NA,NA,NA,NA,NA,NA,NA,NA,0.403,NA,NA,NA,NA,NA,NA,NA,NA,NA,NA,NA,NA,NA,NA,NA,1e-04
"icr072246",82.0905,7.8643,2.0599,NA,NA,NA,NA,NA,0.4346,0.3866,NA,NA,NA,6.2036,NA,NA,NA,0.9601,NA,NA,NA,NA,NA,NA,NA,NA,NA,NA,NA,NA,NA,NA,NA,NA,NA,NA,NA,NA,NA,NA,NA,NA,4e-04
"icr072247",85.7493,9.7465,1.5375,NA,NA,NA,1.6174,NA,NA,0.3706,NA,NA,NA,NA,NA,NA,NA,0.9782,NA,NA,NA,NA,NA,NA,NA,NA,NA,NA,NA,NA,NA,NA,NA,NA,NA,NA,NA,NA,NA,NA,NA,NA,5e-04
"icr072286",88.449,7.1184,NA,NA,NA,NA,1.6474,NA,0.5224,NA,1.4511,NA,NA,NA,NA,NA,NA,0.8113,NA,NA,NA,NA,NA,NA,NA,NA,NA,NA,NA,NA,NA,NA,NA,NA,NA,NA,NA,NA,NA,NA,NA,NA,5e-04
"icr072287",82.5063,9.7292,3.0914,NA,NA,NA,NA,NA,2.712,NA,0.895,NA,NA,NA,NA,NA,NA,1.0659,NA,NA,NA,NA,NA,NA,NA,NA,NA,NA,NA,NA,NA,NA,NA,NA,NA,NA,NA,NA,NA,NA,NA,NA,3e-04
"icr072365",66.4402,12.9442,2.9082,NA,NA,NA,0.2092,NA,NA,6.402,2.03,4.7853,2.2959,NA,NA,NA,NA,1.6842,NA,NA,NA,NA,NA,NA,NA,NA,NA,NA,0.2998,NA,NA,NA,NA,NA,NA,NA,NA,NA,NA,NA,NA,NA,0.001
"icr072366",61.0229,12.165,3.6752,NA,NA,NA,NA,2.245,2.9988,7.0887,NA,6.4337,2.037,NA,NA,NA,NA,1.9668,NA,NA,NA,NA,NA,NA,NA,NA,NA,NA,0.3656,NA,NA,NA,NA,NA,NA,NA,NA,NA,NA,NA,NA,NA,0.0012
"icr072425",83.6336,7.3599,2.3396,NA,NA,NA,NA,NA,2.5507,0.7692,3.2062,NA,NA,NA,NA,NA,NA,NA,NA,NA,NA,NA,NA,NA,NA,NA,NA,NA,0.1407,NA,NA,NA,NA,NA,NA,NA,NA,NA,NA,NA,NA,NA,2e-04
"icr072426",81.2289,6.7604,3.5016,NA,NA,0.9108,NA,NA,5.137,0.767,1.5335,NA,NA,NA,NA,NA,NA,NA,NA,NA,NA,NA,NA,NA,NA,NA,NA,NA,0.1608,NA,NA,NA,NA,NA,NA,NA,NA,NA,NA,NA,NA,NA,0
"icr072596",89.576,NA,NA,1.736,NA,NA,2.1175,NA,3.525,NA,3.0454,NA,NA,NA,NA,NA,NA,NA,NA,NA,NA,NA,NA,NA,NA,NA,NA,NA,NA,NA,NA,NA,NA,NA,NA,NA,NA,NA,NA,NA,NA,NA,0
"icr072597",90.5736,2.4091,NA,1.4862,NA,1.9632,0.5723,NA,1.374,NA,NA,NA,NA,NA,NA,NA,NA,NA,NA,NA,NA,NA,NA,NA,NA,NA,NA,NA,NA,NA,NA,NA,NA,NA,NA,NA,1.6216,NA,NA,NA,NA,NA,0
"icr072716",92.9328,4.8175,NA,0.7768,NA,NA,0.8558,NA,0.617,NA,NA,NA,NA,NA,NA,NA,NA,NA,NA,NA,NA,NA,NA,NA,NA,NA,NA,NA,NA,NA,NA,NA,NA,NA,NA,NA,NA,NA,NA,NA,NA,NA,1e-04
"icr072717",91.7136,5.6769,NA,NA,NA,NA,NA,NA,2.0392,NA,0.5702,NA,NA,NA,NA,NA,NA,NA,NA,NA,NA,NA,NA,NA,NA,NA,NA,NA,NA,NA,NA,NA,NA,NA,NA,NA,NA,NA,NA,NA,NA,NA,2e-04
"icr072756",93.1534,4.8198,NA,NA,NA,NA,NA,NA,0.8802,NA,1.1465,NA,NA,NA,NA,NA,NA,NA,NA,NA,NA,NA,NA,NA,NA,NA,NA,NA,NA,NA,NA,NA,NA,NA,NA,NA,NA,NA,NA,NA,NA,NA,1e-04
"icr072757",88.8591,7.5347,NA,NA,NA,NA,NA,NA,2.8608,NA,0.7453,NA,NA,NA,NA,NA,NA,NA,NA,NA,NA,NA,NA,NA,NA,NA,NA,NA,NA,NA,NA,NA,NA,NA,NA,NA,NA,NA,NA,NA,NA,NA,2e-04
"icr072816",91.4939,3.1032,NA,1.7538,NA,NA,1.0661,NA,0.5622,NA,2.0206,NA,NA,NA,NA,NA,NA,NA,NA,NA,NA,NA,NA,NA,NA,NA,NA,NA,NA,NA,NA,NA,NA,NA,NA,NA,NA,NA,NA,NA,NA,NA,1e-04
"icr072817",92.5741,2.3723,NA,1.5197,NA,1.7328,0.5788,NA,1.2223,NA,NA,NA,NA,NA,NA,NA,NA,NA,NA,NA,NA,NA,NA,NA,NA,NA,NA,NA,NA,NA,NA,NA,NA,NA,NA,NA,NA,NA,NA,NA,NA,NA,0
"icr072836",95.395,NA,NA,1.6746,NA,2.3536,NA,NA,0.5769,NA,NA,NA,NA,NA,NA,NA,NA,NA,NA,NA,NA,NA,NA,NA,NA,NA,NA,NA,NA,NA,NA,NA,NA,NA,NA,NA,NA,NA,NA,NA,NA,NA,-1e-04
"icr072837",93.0823,NA,NA,1.646,NA,3.7876,NA,NA,1.4844,NA,NA,NA,NA,NA,NA,NA,NA,NA,NA,NA,NA,NA,NA,NA,NA,NA,NA,NA,NA,NA,NA,NA,NA,NA,NA,NA,NA,NA,NA,NA,NA,NA,-2e-04
"icr072896",94.7484,NA,NA,NA,NA,NA,NA,NA,3.2655,NA,1.986,NA,NA,NA,NA,NA,NA,NA,NA,NA,NA,NA,NA,NA,NA,NA,NA,NA,NA,NA,NA,NA,NA,NA,NA,NA,NA,NA,NA,NA,NA,NA,2e-04
"icr072897",89.9438,5.6061,NA,NA,NA,NA,NA,NA,1.7531,NA,2.2257,NA,NA,NA,NA,NA,NA,NA,NA,NA,NA,NA,NA,NA,NA,NA,0.4711,NA,NA,NA,NA,NA,NA,NA,NA,NA,NA,NA,NA,NA,NA,NA,2e-04
"icr072968",75.8462,12.7829,2.3788,NA,NA,NA,1.3939,NA,1.3811,1.1024,2.0051,NA,NA,NA,NA,NA,NA,NA,NA,NA,NA,NA,3.1095,NA,NA,NA,NA,NA,NA,NA,NA,NA,NA,NA,NA,NA,NA,NA,NA,NA,NA,NA,1e-04
"icr072969",59.4376,22.1885,4.9597,NA,NA,NA,NA,NA,NA,3.2097,3.2309,NA,1.9788,NA,NA,NA,NA,NA,NA,NA,NA,3.073,1.9214,NA,NA,NA,NA,NA,NA,NA,NA,NA,NA,NA,NA,NA,NA,NA,NA,NA,NA,NA,3e-04
"icr073068",70.0687,12.736,5.4428,NA,NA,NA,2.6107,NA,6.9884,0.5404,NA,NA,NA,NA,NA,0.7892,NA,0.6575,NA,NA,NA,NA,NA,NA,NA,NA,NA,NA,0.166,NA,NA,NA,NA,NA,NA,NA,NA,NA,NA,NA,NA,NA,4e-04
"icr073069",75.2173,13.0432,3.441,NA,NA,NA,3.0904,NA,1.1511,0.5133,2.0737,NA,NA,NA,NA,0.7547,NA,0.4781,NA,NA,NA,NA,NA,NA,NA,NA,NA,NA,0.237,NA,NA,NA,NA,NA,NA,NA,NA,NA,NA,NA,NA,NA,4e-04
"icr073148",69.2081,15.0321,4.9445,NA,NA,NA,2.0441,NA,4.4003,3.2993,NA,NA,NA,NA,NA,1.0714,NA,NA,NA,NA,NA,NA,NA,NA,NA,NA,NA,NA,NA,NA,NA,NA,NA,NA,NA,NA,NA,NA,NA,NA,NA,NA,2e-04
"icr073149",60.9206,14.6764,5.3801,NA,NA,NA,3.7858,NA,4.7585,4.9958,2.6964,NA,0.6016,NA,NA,0.937,NA,NA,NA,NA,1.2478,NA,NA,NA,NA,NA,NA,NA,NA,NA,NA,NA,NA,NA,NA,NA,NA,NA,NA,NA,NA,NA,0
"icr073168",67.6752,9.1972,8.7953,NA,NA,NA,2.5183,NA,1.5292,1.1613,2.1396,2.6987,1.9126,NA,NA,1.6109,NA,0.6061,NA,NA,NA,NA,NA,NA,NA,NA,NA,NA,0.1551,NA,NA,NA,NA,NA,NA,NA,NA,NA,NA,NA,NA,NA,6e-04
"icr073169",57.2696,5.6935,15.4088,NA,NA,NA,NA,5.408,NA,1.8046,5.1807,3.1121,2.0989,NA,NA,1.1281,NA,NA,NA,NA,2.2241,NA,NA,NA,NA,NA,0.3649,NA,0.3058,NA,NA,NA,NA,NA,NA,NA,NA,NA,NA,NA,NA,NA,9e-04
"icr073228",42.4911,16.6059,8.9713,11.8428,0.5238,NA,NA,3.78,8.0585,3.6969,NA,NA,1.6888,NA,NA,NA,NA,1.3812,NA,NA,NA,NA,NA,0.7237,NA,NA,NA,NA,0.2348,NA,NA,NA,NA,NA,NA,NA,NA,NA,NA,NA,NA,NA,0.0012
"icr073229",30.5507,19.621,10.4232,12.8653,0.5817,NA,NA,3.4008,10.5646,5.2777,NA,NA,2.0386,NA,NA,NA,NA,1.4748,NA,NA,1.6284,NA,NA,0.7486,NA,0.5585,NA,NA,0.2648,NA,NA,NA,NA,NA,NA,NA,NA,NA,NA,NA,NA,NA,0.0014
"icr073300",43.8992,23.6287,9.308,NA,NA,NA,NA,NA,3.5257,11.6325,NA,NA,3.975,NA,NA,NA,0.8138,2.3729,NA,NA,NA,NA,NA,NA,NA,NA,0.4939,NA,0.3483,NA,NA,NA,NA,NA,NA,NA,NA,NA,NA,NA,NA,NA,0.002
"icr073301",46.0524,20.3727,8.79,NA,NA,NA,NA,NA,8.3498,8.6635,NA,NA,3.6046,NA,NA,NA,NA,2.3815,NA,NA,1.465,NA,NA,NA,NA,NA,NA,NA,0.3187,NA,NA,NA,NA,NA,NA,NA,NA,NA,NA,NA,NA,NA,0.0017
"icr073379",55.1941,23.0642,7.7048,NA,NA,NA,NA,NA,NA,8.9977,NA,NA,3.7815,NA,NA,NA,NA,0.9503,NA,NA,NA,NA,NA,NA,NA,NA,NA,NA,0.3063,NA,NA,NA,NA,NA,NA,NA,NA,NA,NA,NA,NA,NA,0.001
"icr073380",47.7871,15.3232,2.8522,24.6316,3.4009,NA,NA,NA,NA,0.5837,NA,NA,NA,NA,NA,NA,NA,0.5833,NA,NA,NA,NA,4.572,NA,NA,NA,0.2659,NA,NA,NA,NA,NA,NA,NA,NA,NA,NA,NA,NA,NA,NA,NA,0
"icr073439",69.7891,17.9545,3.8675,NA,NA,NA,2.174,NA,NA,3.3557,0.6895,NA,NA,NA,NA,NA,NA,NA,NA,NA,NA,NA,2.0431,NA,NA,NA,NA,NA,0.1266,NA,NA,NA,NA,NA,NA,NA,NA,NA,NA,NA,NA,NA,0
"icr073440",66.4651,19.6651,4.5579,NA,NA,NA,NA,NA,2.4663,4.925,NA,NA,1.9204,NA,NA,NA,NA,NA,NA,NA,NA,NA,NA,NA,NA,NA,NA,NA,NA,NA,NA,NA,NA,NA,NA,NA,NA,NA,NA,NA,NA,NA,3e-04
"icr073519",66.856,18.1755,4.0902,1.0299,NA,NA,NA,NA,4.1576,2.3026,1.7479,NA,1.6399,NA,NA,NA,NA,NA,NA,NA,NA,NA,NA,NA,NA,NA,NA,NA,NA,NA,NA,NA,NA,NA,NA,NA,NA,NA,NA,NA,NA,NA,5e-04
"icr073520",59.0469,23.8462,4.9765,NA,NA,NA,NA,NA,2.2912,3.5616,0.9712,NA,2.1247,NA,NA,NA,NA,NA,NA,NA,NA,2.7984,NA,NA,NA,NA,0.3827,NA,NA,NA,NA,NA,NA,NA,NA,NA,NA,NA,NA,NA,NA,NA,7e-04
"icr073558",71.4117,15.6303,4.307,NA,NA,NA,NA,NA,2.9004,3.7951,0.9457,NA,NA,NA,NA,NA,NA,0.5132,NA,NA,NA,NA,NA,NA,NA,NA,0.3814,NA,0.115,NA,NA,NA,NA,NA,NA,NA,NA,NA,NA,NA,NA,NA,3e-04
"icr073559",48.3348,23.6175,7.0732,0.8417,NA,NA,NA,NA,7.4146,7.8762,NA,NA,1.6281,NA,NA,NA,NA,0.826,NA,NA,1.6869,NA,NA,NA,NA,NA,0.4299,NA,0.2707,NA,NA,NA,NA,NA,NA,NA,NA,NA,NA,NA,NA,NA,4e-04
"icr073578",69.3717,16.7783,6.4816,NA,NA,NA,NA,NA,1.5841,3.1005,NA,NA,NA,NA,NA,NA,NA,0.7517,1.7644,NA,NA,NA,NA,NA,NA,NA,NA,NA,0.1671,NA,NA,NA,NA,NA,NA,NA,NA,NA,NA,NA,NA,NA,5e-04
"icr073579",44.7162,30.7062,6.8147,NA,NA,NA,NA,NA,5.0934,8.0828,0.8923,NA,2.3567,NA,NA,NA,NA,0.964,NA,NA,NA,NA,NA,NA,NA,NA,NA,NA,0.3727,NA,NA,NA,NA,NA,NA,NA,NA,NA,NA,NA,NA,NA,0.001
"icr074509",92.5989,NA,NA,4.1369,NA,2.3974,NA,NA,0.8668,NA,NA,NA,NA,NA,NA,NA,NA,NA,NA,NA,NA,NA,NA,NA,NA,NA,NA,NA,NA,NA,NA,NA,NA,NA,NA,NA,NA,NA,NA,NA,NA,NA,0
"icr074510",91.93,NA,NA,3.8844,NA,3.8218,NA,NA,0.3638,NA,NA,NA,NA,NA,NA,NA,NA,NA,NA,NA,NA,NA,NA,NA,NA,NA,NA,NA,NA,NA,NA,NA,NA,NA,NA,NA,NA,NA,NA,NA,NA,NA,-1e-04
"icr074631",96.7132,NA,NA,NA,NA,NA,NA,NA,NA,NA,3.287,NA,NA,NA,NA,NA,NA,NA,NA,NA,NA,NA,NA,NA,NA,NA,NA,NA,NA,NA,NA,NA,NA,NA,NA,NA,NA,NA,NA,NA,NA,NA,-2e-04
"icr074632",96.7909,NA,NA,NA,NA,NA,NA,NA,NA,NA,3.2093,NA,NA,NA,NA,NA,NA,NA,NA,NA,NA,NA,NA,NA,NA,NA,NA,NA,NA,NA,NA,NA,NA,NA,NA,NA,NA,NA,NA,NA,NA,NA,-2e-04
"icr074691",95.6061,NA,NA,NA,NA,3.6036,NA,NA,NA,NA,0.7906,NA,NA,NA,NA,NA,NA,NA,NA,NA,NA,NA,NA,NA,NA,NA,NA,NA,NA,NA,NA,NA,NA,NA,NA,NA,NA,NA,NA,NA,NA,NA,-3e-04
"icr074692",96.8094,NA,NA,NA,1.0283,1.6148,NA,NA,NA,NA,NA,NA,NA,NA,NA,NA,NA,NA,NA,NA,NA,NA,NA,NA,0.5477,NA,NA,NA,NA,NA,NA,NA,NA,NA,NA,NA,NA,NA,NA,NA,NA,NA,-2e-04
"icr074731",97.9988,NA,NA,NA,NA,2.0013,NA,NA,NA,NA,NA,NA,NA,NA,NA,NA,NA,NA,NA,NA,NA,NA,NA,NA,NA,NA,NA,NA,NA,NA,NA,NA,NA,NA,NA,NA,NA,NA,NA,NA,NA,NA,-1e-04
"icr074732",92.8772,NA,NA,NA,NA,NA,NA,NA,2.3477,NA,4.7752,NA,NA,NA,NA,NA,NA,NA,NA,NA,NA,NA,NA,NA,NA,NA,NA,NA,NA,NA,NA,NA,NA,NA,NA,NA,NA,NA,NA,NA,NA,NA,-1e-04
"icr075676",96.6657,2.4822,NA,NA,NA,NA,NA,NA,0.852,NA,NA,NA,NA,NA,NA,NA,NA,NA,NA,NA,NA,NA,NA,NA,NA,NA,NA,NA,NA,NA,NA,NA,NA,NA,NA,NA,NA,NA,NA,NA,NA,NA,1e-04
"icr075677",91.8672,3.763,NA,1.7648,NA,NA,NA,NA,1.8419,NA,0.7629,NA,NA,NA,NA,NA,NA,NA,NA,NA,NA,NA,NA,NA,NA,NA,NA,NA,NA,NA,NA,NA,NA,NA,NA,NA,NA,NA,NA,NA,NA,NA,1e-04
"icr075696",88.9762,NA,NA,2.4285,NA,NA,0.109,NA,2.7568,NA,NA,NA,NA,5.7293,NA,NA,NA,NA,NA,NA,NA,NA,NA,NA,NA,NA,NA,NA,NA,NA,NA,NA,NA,NA,NA,NA,NA,NA,NA,NA,NA,NA,1e-04
"icr075697",91.5266,NA,NA,2.95,NA,2.1646,NA,NA,3.3587,NA,NA,NA,NA,NA,NA,NA,NA,NA,NA,NA,NA,NA,NA,NA,NA,NA,NA,NA,NA,NA,NA,NA,NA,NA,NA,NA,NA,NA,NA,NA,NA,NA,1e-04
"icr075756",94.0406,NA,NA,3.1054,NA,NA,NA,NA,1.3153,NA,1.5386,NA,NA,NA,NA,NA,NA,NA,NA,NA,NA,NA,NA,NA,NA,NA,NA,NA,NA,NA,NA,NA,NA,NA,NA,NA,NA,NA,NA,NA,NA,NA,1e-04
"icr075757",81.7349,3.7416,1.9832,1.5758,NA,3.743,0.7154,3.5478,NA,NA,NA,2.8132,NA,NA,NA,NA,NA,NA,NA,NA,NA,NA,NA,NA,NA,NA,NA,NA,0.1452,NA,NA,NA,NA,NA,NA,NA,NA,NA,NA,NA,NA,NA,-1e-04
"icr075916",71.7395,5.0839,2.647,3.8373,NA,2.3501,7.3117,NA,NA,NA,1.1149,3.5428,2.1575,NA,NA,NA,NA,NA,NA,NA,NA,NA,NA,NA,NA,NA,NA,NA,0.2154,NA,NA,NA,NA,NA,NA,NA,NA,NA,NA,NA,NA,NA,-1e-04
"icr075917",62.2181,5.6293,5.4693,4.0232,NA,2.0696,2.096,4.3214,3.508,NA,1.9878,4.9624,2.9464,NA,NA,NA,NA,NA,NA,NA,NA,NA,NA,NA,NA,NA,NA,NA,0.3989,NA,0.3695,NA,NA,NA,NA,NA,NA,NA,NA,NA,NA,NA,3e-04
"icr076347",10.1126,11.6319,2.024,20.2131,18.6533,4.8125,NA,11.931,2.0698,NA,1.4779,NA,3.3471,4.3014,0.9124,1.6079,4.401,0.4471,NA,NA,NA,NA,NA,0.7052,NA,NA,1.0512,NA,0.298,NA,NA,NA,NA,NA,NA,NA,NA,NA,NA,NA,NA,NA,0.0026
"icr076348",9.7724,11.2547,NA,18.9997,15.9156,5.6733,NA,12.7848,2.2442,NA,1.5619,NA,3.0841,2.9293,0.9284,1.926,3.6729,0.647,NA,NA,NA,NA,NA,0.6223,NA,NA,1.2203,5.3437,0.2279,NA,0.6106,0.5781,NA,NA,NA,NA,NA,NA,NA,NA,NA,NA,0.0029
"icr076364",15.8017,5.8009,9.9647,8.5511,8.7138,7.3624,NA,18.1032,2.8157,0.6998,7.0867,3.757,2.245,NA,2.6642,2.0427,1.6635,NA,NA,NA,NA,NA,NA,2.079,NA,NA,0.236,NA,0.408,NA,NA,NA,NA,NA,NA,NA,NA,NA,NA,NA,NA,NA,0.0046
"icr076365",17.8198,10.0208,9.7557,11.1035,7.4775,5.7884,NA,14.6355,3.4917,1.8897,4.6185,2.5782,2.1449,NA,2.3018,1.6402,1.8919,0.7384,NA,NA,NA,NA,NA,1.7803,NA,NA,NA,NA,0.3188,NA,NA,NA,NA,NA,NA,NA,NA,NA,NA,NA,NA,NA,0.0041
"icr076384",8.5648,11.8385,12.4325,5.065,5.0698,4.1507,NA,23.3752,3.3293,0.6542,4.4101,5.095,NA,NA,4.6449,2.7807,2.0414,NA,NA,NA,NA,NA,NA,3.6227,0.9374,NA,NA,NA,0.3648,NA,NA,NA,NA,NA,1.6164,NA,NA,NA,NA,NA,NA,NA,0.0066
"icr076385",7.8091,9.2053,11.3953,3.756,3.7974,7.5733,NA,27.1353,NA,0.7017,2.3197,8.6496,NA,NA,5.4662,3.1113,2.0461,NA,NA,NA,NA,NA,NA,2.84,1.4789,NA,NA,NA,0.3024,NA,NA,NA,NA,NA,2.4046,NA,NA,NA,NA,NA,NA,NA,0.0076
"icr076404",14.6686,19.6324,10.5623,7.7384,4.8418,1.3394,NA,13.4113,4.395,0.7983,4.1483,3.5171,3.5083,NA,2.706,1.8818,0.7245,0.4391,NA,NA,2.0236,NA,NA,2.1182,0.5834,NA,NA,NA,0.3162,NA,NA,NA,NA,NA,0.6417,NA,NA,NA,NA,NA,NA,NA,0.0044
"icr076405",18.3763,23.4305,10.6652,5.7004,3.8096,NA,2.2495,10.5967,2.8917,0.7768,5.6139,2.3969,3.4765,NA,2.9709,1.8328,1.0384,0.3913,NA,NA,1.2228,NA,NA,1.5311,NA,NA,NA,NA,0.3233,NA,NA,NA,NA,NA,0.7023,NA,NA,NA,NA,NA,NA,NA,0.0033
"icr076444",11.3901,6.3685,11.0956,5.9519,6.8973,4.2483,NA,13.4447,NA,3.3687,NA,9.2162,1.7398,NA,7.7437,3.1826,5.6781,NA,NA,NA,NA,NA,NA,4.894,1.6573,NA,NA,NA,0.2401,NA,NA,0.6584,NA,NA,1.888,NA,NA,NA,NA,NA,NA,0.3298,0.0069
"icr076445",14.1147,3.7275,11.7249,6.9311,4.2205,3.1213,11.0697,8.9509,2.2556,5.7856,1.621,6.5897,NA,NA,6.049,2.9376,2.8836,NA,NA,NA,NA,NA,NA,3.6683,1.844,NA,NA,NA,0.2331,NA,NA,0.6584,NA,NA,1.6087,NA,NA,NA,NA,NA,NA,NA,0.0051
"icr076464",15.1719,2.9581,12.2536,6.7728,3.8306,3.3906,11.4106,9.9532,NA,5.5628,2.3737,6.8049,NA,NA,5.6801,2.6868,3.436,NA,NA,NA,NA,NA,NA,3.8257,1.3828,NA,NA,NA,0.2162,NA,NA,0.5162,NA,NA,1.4854,NA,NA,NA,NA,NA,NA,0.2833,0.0049
"icr076465",10.4946,4.8717,11.6118,5.4293,4.2736,5.0697,14.4475,10.4883,NA,5.9041,3.5471,4.8339,NA,NA,5.3941,2.6334,3.6531,NA,NA,NA,NA,NA,NA,3.5047,1.5011,NA,NA,NA,0.2599,NA,NA,NA,NA,NA,1.6223,NA,NA,NA,NA,NA,NA,0.4546,0.0053
"icr076484",4.7371,12.4044,11.2456,6.7476,3.5245,4.6006,7.4253,16.8267,4.9509,0.5785,3.6984,4.7718,NA,NA,5.048,2.8431,2.2583,NA,NA,NA,NA,NA,NA,3.77,1.6112,NA,NA,NA,0.3352,NA,NA,0.653,NA,NA,1.7262,NA,NA,NA,NA,NA,NA,0.2379,0.0058
"icr076485",2.8642,12.3689,10.1516,5.0038,3.0167,3.8326,8.2946,18.9082,6.3508,0.6241,6.6306,4.9098,NA,NA,5.0514,1.9747,2.34,NA,NA,NA,NA,NA,NA,2.6749,1.9363,0.5134,NA,NA,0.232,NA,0.5856,NA,NA,NA,1.3198,NA,NA,NA,NA,NA,NA,0.4113,0.0049
"icr076502",6.5979,8.0955,8.3214,7.779,8.6252,9.1949,NA,15.384,0.1222,1.13,6.2415,6.6022,2.3667,NA,6.1854,3.1525,3.24,NA,NA,NA,NA,NA,NA,3.4929,1.1034,NA,0.3127,NA,0.3966,NA,NA,NA,NA,NA,1.6489,NA,NA,NA,NA,NA,NA,NA,0.0071
"icr076503",6.2626,4.0639,7.6467,5.8329,10.7596,10.675,NA,17.2667,NA,0.9165,5.8455,7.6079,2.3878,NA,6.2561,3.1619,3.3223,NA,NA,NA,NA,NA,NA,3.3463,1.3789,NA,NA,NA,0.2969,1.3051,NA,NA,NA,NA,1.66,NA,NA,NA,NA,NA,NA,NA,0.0073
"icr076522",8.8077,NA,NA,25.6368,10.5783,5.4756,9.7607,4.1713,NA,12.7023,2.3366,NA,3.092,NA,1.5741,2.174,2.9869,NA,NA,NA,2.4008,NA,NA,1.3261,NA,NA,3.0122,NA,NA,1.9871,NA,NA,0.8599,NA,1.114,NA,NA,NA,NA,NA,NA,NA,0.0034
"icr076523",7.8535,NA,2.2876,25.7653,5.5696,4.5243,0.9155,NA,NA,22.9994,NA,4.0059,4.3269,NA,2.1874,1.6876,2.5831,NA,NA,2.0479,3.1269,NA,NA,2.2962,NA,NA,3.4618,NA,NA,2.207,NA,0.639,0.5274,NA,0.9835,NA,NA,NA,NA,NA,NA,NA,0.0042
"icr076561",4.1268,NA,5.0918,4.4171,7.5983,11.2822,NA,17.1385,NA,0.9254,8.7053,7.3234,3.5264,NA,10.0454,3.17,4.1308,1.2418,NA,NA,NA,NA,NA,3.7564,1.2411,NA,NA,NA,0.1863,3.0203,0.4889,NA,NA,NA,1.1332,NA,NA,1.4423,NA,NA,NA,NA,0.0084
"icr076562",3.6096,NA,11.6075,4.577,7.3349,11.095,NA,16.7771,NA,0.7604,6.7433,5.3461,NA,NA,10.6357,3.3839,4.6412,NA,NA,NA,2.0261,NA,NA,4.4201,1.5019,NA,NA,NA,0.2828,1.7138,NA,1.2338,NA,NA,2.0478,NA,NA,NA,NA,NA,0.2547,NA,0.0071
"icr076581",2.5069,4.3347,NA,14.4923,7.7063,8.23,9.8815,8.053,NA,9.7768,7.9467,NA,4.0732,10.7506,2.1748,1.7022,2.0069,NA,NA,NA,1.4677,NA,NA,1.6609,NA,NA,2.3793,NA,NA,NA,NA,NA,NA,NA,0.8516,NA,NA,NA,NA,NA,NA,NA,0.0047
"icr076582",2.3748,NA,NA,15.5089,7.9999,8.2596,11.2846,11.9396,NA,8.5887,4.7873,NA,3.8732,13.2327,1.6184,1.64,2.5271,NA,NA,NA,2.2283,NA,NA,1.2516,0.7356,NA,2.0037,NA,0.1413,NA,NA,NA,NA,NA,NA,NA,NA,NA,NA,NA,NA,NA,0.0044
"icr076601",2.9019,NA,NA,22.9137,7.8486,7.9186,10.3418,5.5475,NA,7.1999,4.2779,NA,3.9605,7.2005,2.594,2.3373,2.9648,NA,NA,NA,3.2195,NA,NA,1.8989,NA,NA,3.31,NA,NA,2.0859,NA,NA,0.3351,NA,1.1382,NA,NA,NA,NA,NA,NA,NA,0.0053
"icr076602",2.5903,NA,NA,23.2606,10.8252,8.1182,7.3223,6.1839,NA,5.3069,5.7087,NA,3.7033,7.1187,2.2082,2.2267,2.586,NA,NA,NA,2.9497,NA,NA,1.8879,NA,NA,3.42,NA,0.2215,1.8709,NA,0.6708,0.4629,NA,1.3523,NA,NA,NA,NA,NA,NA,NA,0.005
"icr076621",1.1596,NA,NA,28.4171,6.6184,6.5782,12.541,NA,NA,17.0664,7.685,NA,2.0468,3.6668,1.166,1.3399,1.9044,0.7049,NA,NA,1.9062,NA,NA,0.788,NA,NA,2.9479,NA,NA,1.1796,NA,0.9055,0.5607,NA,0.8153,NA,NA,NA,NA,NA,NA,NA,0.0024
"icr076622",3.5443,NA,NA,22.3548,6.7707,7.9028,8.4166,NA,NA,29.7573,6.2045,NA,2.2292,NA,0.6563,1.311,1.6596,0.7515,NA,NA,1.5346,NA,NA,1.1369,NA,NA,2.6854,NA,NA,1.1649,NA,0.7466,0.5156,NA,0.6543,NA,NA,NA,NA,NA,NA,NA,0.0029
"icr076640",3.2845,NA,7.9003,8.0541,11.8611,7.358,NA,NA,NA,4.1372,1.1195,3.4128,2.7503,NA,16.9698,3.2863,5.4443,1.9097,1.8859,NA,1.7954,NA,NA,5.0028,1.5327,0.4929,1.3329,NA,0.2871,6.0316,NA,NA,0.7436,NA,1.3816,NA,NA,2.0172,NA,NA,NA,NA,0.0082
"icr076641",3.0037,NA,8.5375,6.3433,11.0961,7.2207,8.7918,NA,NA,2.8293,0.9691,2.8792,NA,NA,18.7303,2.6988,4.7324,1.4756,3.4497,NA,2.0115,NA,NA,3.6902,0.6264,0.8169,1.0478,NA,0.2283,5.16,NA,NA,0.609,NA,1.0773,NA,NA,1.9683,NA,NA,NA,NA,0.0068
